source,signal_id,title,entity,date,category,url,summary
SEC_EDGAR,SEC-0000318833-26-000053,8-K - TEAM INC,TEAM INC,2026-08-10,8-K,https://www.sec.gov/Archives/edgar/data/318833/000031883326000053/,
SEC_EDGAR,SEC-0001493152-26-036924,8-K - East West Ave Acquisition Corp.,East West Ave Acquisition Corp.,2026-08-10,8-K,https://www.sec.gov/Archives/edgar/data/2100704/000149315226036924/,
SEC_EDGAR,SEC-0001476204-26-000042,"8-K - Phillips Edison & Company, Inc.","Phillips Edison & Company, Inc.",2026-08-10,8-K,https://www.sec.gov/Archives/edgar/data/1476204/000147620426000042/,
SEC_EDGAR,SEC-0001104659-26-093478,8-K - UGI CORP /PA/,UGI CORP /PA/,2026-08-10,8-K,https://www.sec.gov/Archives/edgar/data/884614/000110465926093478/,
SEC_EDGAR,SEC-0001104659-26-093477,8-K - Consolidated Water Co. Ltd.,Consolidated Water Co. Ltd.,2026-08-10,8-K,https://www.sec.gov/Archives/edgar/data/928340/000110465926093477/,
SEC_EDGAR,SEC-0001213900-26-087352,"8-K - Tenon Medical, Inc.","Tenon Medical, Inc.",2026-08-10,8-K,https://www.sec.gov/Archives/edgar/data/1560293/000121390026087352/,
SEC_EDGAR,SEC-0001628280-26-055373,8-K - i-80 Gold Corp.,i-80 Gold Corp.,2026-08-10,8-K,https://www.sec.gov/Archives/edgar/data/1853962/000162828026055373/,
SEC_EDGAR,SEC-0001575872-26-000562,8-K - Northann Corp.,Northann Corp.,2026-08-10,8-K,https://www.sec.gov/Archives/edgar/data/1923780/000157587226000562/,
SEC_EDGAR,SEC-0001831481-26-000105,8-K - Sable Offshore Corp.,Sable Offshore Corp.,2026-08-10,8-K,https://www.sec.gov/Archives/edgar/data/1831481/000183148126000105/,
SEC_EDGAR,SEC-0001193125-26-342713,"8-K - MPT Operating Partnership, L.P.","MPT Operating Partnership, L.P.",2026-08-10,8-K,https://www.sec.gov/Archives/edgar/data/1524607/000119312526342713/,
SEC_EDGAR,SEC-0001193125-26-342713,8-K - MEDICAL PROPERTIES TRUST INC,MEDICAL PROPERTIES TRUST INC,2026-08-10,8-K,https://www.sec.gov/Archives/edgar/data/1287865/000119312526342713/,
SEC_EDGAR,SEC-0001493152-26-036916,8-K - Netcapital Inc.,Netcapital Inc.,2026-08-10,8-K,https://www.sec.gov/Archives/edgar/data/1414767/000149315226036916/,
SEC_EDGAR,SEC-0001213900-26-087343,8-K - VEEA INC.,VEEA INC.,2026-08-10,8-K,https://www.sec.gov/Archives/edgar/data/1840317/000121390026087343/,
SEC_EDGAR,SEC-0001193125-26-342695,"8-K - Cogent Biosciences, Inc.","Cogent Biosciences, Inc.",2026-08-10,8-K,https://www.sec.gov/Archives/edgar/data/1622229/000119312526342695/,
SEC_EDGAR,SEC-0001104659-26-093467,"8-K - WhiteHorse Finance, Inc.","WhiteHorse Finance, Inc.",2026-08-10,8-K,https://www.sec.gov/Archives/edgar/data/1552198/000110465926093467/,
SEC_EDGAR,SEC-0001213900-26-087341,8-K - COLLECTIVE ACQUISITION CORP.,COLLECTIVE ACQUISITION CORP.,2026-08-10,8-K,https://www.sec.gov/Archives/edgar/data/2041047/000121390026087341/,
SEC_EDGAR,SEC-0001193125-26-342682,"8-K - Hadron Energy, Inc.","Hadron Energy, Inc.",2026-08-10,8-K,https://www.sec.gov/Archives/edgar/data/2023730/000119312526342682/,
SEC_EDGAR,SEC-0001193125-26-342676,"8-K - SONIDA SENIOR LIVING, INC.","SONIDA SENIOR LIVING, INC.",2026-08-10,8-K,https://www.sec.gov/Archives/edgar/data/1043000/000119312526342676/,
SEC_EDGAR,SEC-0001829126-26-008543,"8-K - NEONC TECHNOLOGIES HOLDINGS, INC.","NEONC TECHNOLOGIES HOLDINGS, INC.",2026-08-10,8-K,https://www.sec.gov/Archives/edgar/data/1979414/000182912626008543/,
SEC_EDGAR,SEC-0001193125-26-342669,"8-K - Erasca, Inc.","Erasca, Inc.",2026-08-10,8-K,https://www.sec.gov/Archives/edgar/data/1761918/000119312526342669/,
SEC_EDGAR,SEC-0000014846-26-000038,8-K - BRT Apartments Corp.,BRT Apartments Corp.,2026-08-10,8-K,https://www.sec.gov/Archives/edgar/data/14846/000001484626000038/,
SEC_EDGAR,SEC-0001193125-26-342667,8-K - Jazz Pharmaceuticals plc,Jazz Pharmaceuticals plc,2026-08-10,8-K,https://www.sec.gov/Archives/edgar/data/1232524/000119312526342667/,
SEC_EDGAR,SEC-0001628280-26-055346,8-K - Pangaea Logistics Solutions Ltd.,Pangaea Logistics Solutions Ltd.,2026-08-10,8-K,https://www.sec.gov/Archives/edgar/data/1606909/000162828026055346/,
SEC_EDGAR,SEC-0001193125-26-342660,"8-K - GEN Restaurant Group, Inc.","GEN Restaurant Group, Inc.",2026-08-10,8-K,https://www.sec.gov/Archives/edgar/data/1891856/000119312526342660/,
SEC_EDGAR,SEC-0001654954-26-007432,"8-K - Crexendo, Inc.","Crexendo, Inc.",2026-08-10,8-K,https://www.sec.gov/Archives/edgar/data/1075736/000165495426007432/,
SEC_EDGAR,SEC-0001628280-26-055344,"8-K - Mistras Group, Inc.","Mistras Group, Inc.",2026-08-10,8-K,https://www.sec.gov/Archives/edgar/data/1436126/000162828026055344/,
SEC_EDGAR,SEC-0001922446-26-000073,8-K - Diversified Energy Co,Diversified Energy Co,2026-08-10,8-K,https://www.sec.gov/Archives/edgar/data/1922446/000192244626000073/,
SEC_EDGAR,SEC-0001213900-26-087333,8-K - XAI Floating Rate & Alternative Income Trust,XAI Floating Rate & Alternative Income Trust,2026-08-10,8-K,https://www.sec.gov/Archives/edgar/data/1703079/000121390026087333/,
SEC_EDGAR,SEC-0001493152-26-036905,8-K - ELITE PHARMACEUTICALS INC /NV/,ELITE PHARMACEUTICALS INC /NV/,2026-08-10,8-K,https://www.sec.gov/Archives/edgar/data/1053369/000149315226036905/,
SEC_EDGAR,SEC-0001104659-26-093457,8-K - UR-ENERGY INC,UR-ENERGY INC,2026-08-10,8-K,https://www.sec.gov/Archives/edgar/data/1375205/000110465926093457/,
SEC_EDGAR,SEC-0000929638-26-002965,"8-K - GCT Semiconductor Holding, Inc.","GCT Semiconductor Holding, Inc.",2026-08-10,8-K,https://www.sec.gov/Archives/edgar/data/1851961/000092963826002965/,
SEC_EDGAR,SEC-0001628280-26-055334,"8-K - PENSKE AUTOMOTIVE GROUP, INC.","PENSKE AUTOMOTIVE GROUP, INC.",2026-08-10,8-K,https://www.sec.gov/Archives/edgar/data/1019849/000162828026055334/,
SEC_EDGAR,SEC-0001857816-26-000077,8-K - GigaCloud Technology Inc,GigaCloud Technology Inc,2026-08-10,8-K,https://www.sec.gov/Archives/edgar/data/1857816/000185781626000077/,
SEC_EDGAR,SEC-0001731122-26-001032,"8-K - VisionWave Holdings, Inc.","VisionWave Holdings, Inc.",2026-08-10,8-K,https://www.sec.gov/Archives/edgar/data/2038439/000173112226001032/,
SEC_EDGAR,SEC-0001104659-26-093446,8-K - HALLADOR ENERGY CO,HALLADOR ENERGY CO,2026-08-10,8-K,https://www.sec.gov/Archives/edgar/data/788965/000110465926093446/,
SEC_EDGAR,SEC-0001140361-26-032052,"8-K - Tilray Brands, Inc.","Tilray Brands, Inc.",2026-08-10,8-K,https://www.sec.gov/Archives/edgar/data/1731348/000114036126032052/,
SEC_EDGAR,SEC-0001640334-26-001302,8-K - Lexaria Bioscience Corp.,Lexaria Bioscience Corp.,2026-08-10,8-K,https://www.sec.gov/Archives/edgar/data/1348362/000164033426001302/,
SEC_EDGAR,SEC-0001193125-26-342623,"8-K - FiscalNote Holdings, Inc.","FiscalNote Holdings, Inc.",2026-08-10,8-K,https://www.sec.gov/Archives/edgar/data/1823466/000119312526342623/,
SEC_EDGAR,SEC-0001193125-26-342622,8-K - Flowco Holdings Inc.,Flowco Holdings Inc.,2026-08-10,8-K,https://www.sec.gov/Archives/edgar/data/2035149/000119312526342622/,
SEC_EDGAR,SEC-0001193125-26-342612,"8-K - Broadstone Net Lease, Inc.","Broadstone Net Lease, Inc.",2026-08-10,8-K,https://www.sec.gov/Archives/edgar/data/1424182/000119312526342612/,
SEC_EDGAR,SEC-0001193125-26-342609,"8-K - HELIOS TECHNOLOGIES, INC.","HELIOS TECHNOLOGIES, INC.",2026-08-10,8-K,https://www.sec.gov/Archives/edgar/data/1024795/000119312526342609/,
SEC_EDGAR,SEC-0001193125-26-342607,"8-K - Bain Capital Specialty Finance, Inc.","Bain Capital Specialty Finance, Inc.",2026-08-10,8-K,https://www.sec.gov/Archives/edgar/data/1655050/000119312526342607/,
SEC_EDGAR,SEC-0001213900-26-087318,"8-K - Purple Innovation, Inc.","Purple Innovation, Inc.",2026-08-10,8-K,https://www.sec.gov/Archives/edgar/data/1643953/000121390026087318/,
SEC_EDGAR,SEC-0001628280-26-055322,"8-K - Commercial Vehicle Group, Inc.","Commercial Vehicle Group, Inc.",2026-08-10,8-K,https://www.sec.gov/Archives/edgar/data/1290900/000162828026055322/,
SEC_EDGAR,SEC-0001515156-26-000116,"8-K - Arq, Inc.","Arq, Inc.",2026-08-10,8-K,https://www.sec.gov/Archives/edgar/data/1515156/000151515626000116/,
SEC_EDGAR,SEC-0001193125-26-342579,8-K - Archer-Daniels-Midland Co,Archer-Daniels-Midland Co,2026-08-10,8-K,https://www.sec.gov/Archives/edgar/data/7084/000119312526342579/,
SEC_EDGAR,SEC-0001213900-26-087313,"8-K - Kayne Anderson BDC, Inc.","Kayne Anderson BDC, Inc.",2026-08-10,8-K,https://www.sec.gov/Archives/edgar/data/1747172/000121390026087313/,
SEC_EDGAR,SEC-0001618755-26-000032,8-K - Restaurant Brands International Limited Partnership,Restaurant Brands International Limited Partnership,2026-08-10,8-K,https://www.sec.gov/Archives/edgar/data/1618755/000161875526000032/,
SEC_EDGAR,SEC-0001618756-26-000047,8-K - Restaurant Brands International Inc.,Restaurant Brands International Inc.,2026-08-10,8-K,https://www.sec.gov/Archives/edgar/data/1618756/000161875626000047/,
SEC_EDGAR,SEC-0001193125-26-342567,"8-K - Innovex International, Inc.","Innovex International, Inc.",2026-08-10,8-K,https://www.sec.gov/Archives/edgar/data/1042893/000119312526342567/,
SEC_EDGAR,SEC-0001072613-26-000634,"8-K - NETWORK-1 TECHNOLOGIES, INC.","NETWORK-1 TECHNOLOGIES, INC.",2026-08-10,8-K,https://www.sec.gov/Archives/edgar/data/1065078/000107261326000634/,
SEC_EDGAR,SEC-0001627475-26-000046,"8-K - UPWORK, INC","UPWORK, INC",2026-08-10,8-K,https://www.sec.gov/Archives/edgar/data/1627475/000162747526000046/,
SEC_EDGAR,SEC-0001493152-26-036887,8-K - HWH International Inc.,HWH International Inc.,2026-08-10,8-K,https://www.sec.gov/Archives/edgar/data/1897245/000149315226036887/,
SEC_EDGAR,SEC-0001437749-26-026797,8-K - Trump Media & Technology Group Corp.,Trump Media & Technology Group Corp.,2026-08-10,8-K,https://www.sec.gov/Archives/edgar/data/1849635/000143774926026797/,
SEC_EDGAR,SEC-0000080661-26-000310,8-K - PROGRESSIVE CORP/OH/,PROGRESSIVE CORP/OH/,2026-08-10,8-K,https://www.sec.gov/Archives/edgar/data/80661/000008066126000310/,
SEC_EDGAR,SEC-0001628280-26-055302,8-K - Ellington Credit Co,Ellington Credit Co,2026-08-10,8-K,https://www.sec.gov/Archives/edgar/data/1560672/000162828026055302/,
SEC_EDGAR,SEC-0001628280-26-055294,"8-K - Amentum Holdings, Inc.","Amentum Holdings, Inc.",2026-08-10,8-K,https://www.sec.gov/Archives/edgar/data/2011286/000162828026055294/,
SEC_EDGAR,SEC-0001437749-26-026796,"8-K - Smartbird, Inc.","Smartbird, Inc.",2026-08-10,8-K,https://www.sec.gov/Archives/edgar/data/1653909/000143774926026796/,
SEC_EDGAR,SEC-0001970622-26-000056,"8-K - USA Rare Earth, Inc.","USA Rare Earth, Inc.",2026-08-10,8-K,https://www.sec.gov/Archives/edgar/data/1970622/000197062226000056/,
SEC_EDGAR,SEC-0001193125-26-342540,"8-K - AST SpaceMobile, Inc.","AST SpaceMobile, Inc.",2026-08-10,8-K,https://www.sec.gov/Archives/edgar/data/1780312/000119312526342540/,
SEC_EDGAR,SEC-0002024218-26-000089,8-K - Summit Midstream Corp,Summit Midstream Corp,2026-08-10,8-K,https://www.sec.gov/Archives/edgar/data/2024218/000202421826000089/,
SEC_EDGAR,SEC-0001193125-26-342539,"8-K - KLX Energy Services Holdings, Inc.","KLX Energy Services Holdings, Inc.",2026-08-10,8-K,https://www.sec.gov/Archives/edgar/data/1738827/000119312526342539/,
SEC_EDGAR,SEC-0001193125-26-342525,8-K - Public Storage,Public Storage,2026-08-10,8-K,https://www.sec.gov/Archives/edgar/data/1393311/000119312526342525/,
SEC_EDGAR,SEC-0001628280-26-055284,"8-K - V2X, Inc.","V2X, Inc.",2026-08-10,8-K,https://www.sec.gov/Archives/edgar/data/1601548/000162828026055284/,
SEC_EDGAR,SEC-0001104659-26-093421,8-K - AECOM,AECOM,2026-08-10,8-K,https://www.sec.gov/Archives/edgar/data/868857/000110465926093421/,
SEC_EDGAR,SEC-0001193125-26-342524,"8-K - Annexon, Inc.","Annexon, Inc.",2026-08-10,8-K,https://www.sec.gov/Archives/edgar/data/1528115/000119312526342524/,
SEC_EDGAR,SEC-0001628280-26-055283,8-K - Ellington Financial Inc.,Ellington Financial Inc.,2026-08-10,8-K,https://www.sec.gov/Archives/edgar/data/1411342/000162828026055283/,
SEC_EDGAR,SEC-0001828791-26-000070,8-K - Viant Technology Inc.,Viant Technology Inc.,2026-08-10,8-K,https://www.sec.gov/Archives/edgar/data/1828791/000182879126000070/,
SEC_EDGAR,SEC-0001437749-26-026790,8-K - DiaMedica Therapeutics Inc.,DiaMedica Therapeutics Inc.,2026-08-10,8-K,https://www.sec.gov/Archives/edgar/data/1401040/000143774926026790/,
SEC_EDGAR,SEC-0001628280-26-055282,"8-K - Construction Partners, Inc.","Construction Partners, Inc.",2026-08-10,8-K,https://www.sec.gov/Archives/edgar/data/1718227/000162828026055282/,
SEC_EDGAR,SEC-0001997859-26-000087,8-K - WEBTOON Entertainment Inc.,WEBTOON Entertainment Inc.,2026-08-10,8-K,https://www.sec.gov/Archives/edgar/data/1997859/000199785926000087/,
SEC_EDGAR,SEC-0001193125-26-342507,8-K - MASTEC INC,MASTEC INC,2026-08-10,8-K,https://www.sec.gov/Archives/edgar/data/15615/000119312526342507/,
SEC_EDGAR,SEC-0001104659-26-093416,8-K - Energy Services of America CORP,Energy Services of America CORP,2026-08-10,8-K,https://www.sec.gov/Archives/edgar/data/1357971/000110465926093416/,
SEC_EDGAR,SEC-0001628280-26-055276,"8-K - Bakkt, Inc.","Bakkt, Inc.",2026-08-10,8-K,https://www.sec.gov/Archives/edgar/data/1820302/000162828026055276/,
SEC_EDGAR,SEC-0001829126-26-008534,8-K - Quetta Acquisition Corp,Quetta Acquisition Corp,2026-08-10,8-K,https://www.sec.gov/Archives/edgar/data/1978528/000182912626008534/,
SEC_EDGAR,SEC-0001828791-26-000068,8-K - Viant Technology Inc.,Viant Technology Inc.,2026-08-10,8-K,https://www.sec.gov/Archives/edgar/data/1828791/000182879126000068/,
SEC_EDGAR,SEC-0001193125-26-342495,"8-K - Perspective Therapeutics, Inc.","Perspective Therapeutics, Inc.",2026-08-10,8-K,https://www.sec.gov/Archives/edgar/data/728387/000119312526342495/,
SEC_EDGAR,SEC-0001213900-26-087287,8-K - Pinnacle Acquisition Corp,Pinnacle Acquisition Corp,2026-08-10,8-K,https://www.sec.gov/Archives/edgar/data/2123955/000121390026087287/,
SEC_EDGAR,SEC-0001193125-26-342492,"8-K - Private Bancorp of America, Inc.","Private Bancorp of America, Inc.",2026-08-10,8-K,https://www.sec.gov/Archives/edgar/data/1705284/000119312526342492/,
SEC_EDGAR,SEC-0001104659-26-093410,"8-K - TTEC Holdings, Inc.","TTEC Holdings, Inc.",2026-08-10,8-K,https://www.sec.gov/Archives/edgar/data/1013880/000110465926093410/,
SEC_EDGAR,SEC-0001213900-26-087285,8-K - SunPower Inc.,SunPower Inc.,2026-08-10,8-K,https://www.sec.gov/Archives/edgar/data/1838987/000121390026087285/,
SEC_EDGAR,SEC-0001829126-26-008533,8-K - Sow Good Inc.,Sow Good Inc.,2026-08-10,8-K,https://www.sec.gov/Archives/edgar/data/1490161/000182912626008533/,
SEC_EDGAR,SEC-0001628280-26-055272,8-K - QUANTUM CORP /DE/,QUANTUM CORP /DE/,2026-08-10,8-K,https://www.sec.gov/Archives/edgar/data/709283/000162828026055272/,
SEC_EDGAR,SEC-0001628280-26-055270,"8-K - Getty Images Holdings, Inc.","Getty Images Holdings, Inc.",2026-08-10,8-K,https://www.sec.gov/Archives/edgar/data/1898496/000162828026055270/,
SEC_EDGAR,SEC-0001193125-26-342463,"8-K - Ceribell, Inc.","Ceribell, Inc.",2026-08-10,8-K,https://www.sec.gov/Archives/edgar/data/1861107/000119312526342463/,
SEC_EDGAR,SEC-0000939057-26-000171,8-K - RIVERVIEW BANCORP INC,RIVERVIEW BANCORP INC,2026-08-10,8-K,https://www.sec.gov/Archives/edgar/data/1041368/000093905726000171/,
SEC_EDGAR,SEC-0001630805-26-000066,"8-K - Babcock & Wilcox Enterprises, Inc.","Babcock & Wilcox Enterprises, Inc.",2026-08-10,8-K,https://www.sec.gov/Archives/edgar/data/1630805/000163080526000066/,
SEC_EDGAR,SEC-0001437749-26-026783,8-K - FutureFuel Corp.,FutureFuel Corp.,2026-08-10,8-K,https://www.sec.gov/Archives/edgar/data/1337298/000143774926026783/,
SEC_EDGAR,SEC-0002029118-26-000096,"8-K - INFINITY NATURAL RESOURCES, INC.","INFINITY NATURAL RESOURCES, INC.",2026-08-10,8-K,https://www.sec.gov/Archives/edgar/data/2029118/000202911826000096/,
SEC_EDGAR,SEC-0000076605-26-000080,8-K - PATRICK INDUSTRIES INC,PATRICK INDUSTRIES INC,2026-08-10,8-K,https://www.sec.gov/Archives/edgar/data/76605/000007660526000080/,
SEC_EDGAR,SEC-0001500435-26-000034,"8-K - GoPro, Inc.","GoPro, Inc.",2026-08-10,8-K,https://www.sec.gov/Archives/edgar/data/1500435/000150043526000034/,
SEC_EDGAR,SEC-0001493152-26-036875,"8-K - Arena Group Holdings, Inc.","Arena Group Holdings, Inc.",2026-08-10,8-K,https://www.sec.gov/Archives/edgar/data/894871/000149315226036875/,
SEC_EDGAR,SEC-0001213900-26-087267,8-K - Quantum Computing Inc.,Quantum Computing Inc.,2026-08-10,8-K,https://www.sec.gov/Archives/edgar/data/1758009/000121390026087267/,
SEC_EDGAR,SEC-0001935979-26-000067,8-K - Biohaven Ltd.,Biohaven Ltd.,2026-08-10,8-K,https://www.sec.gov/Archives/edgar/data/1935979/000193597926000067/,
SEC_EDGAR,SEC-0001104659-26-093406,"8-K - Riot Platforms, Inc.","Riot Platforms, Inc.",2026-08-10,8-K,https://www.sec.gov/Archives/edgar/data/1167419/000110465926093406/,
SEC_EDGAR,SEC-0001193125-26-342449,8-K - PUBLIC SERVICE ELECTRIC & GAS CO,PUBLIC SERVICE ELECTRIC & GAS CO,2026-08-10,8-K,https://www.sec.gov/Archives/edgar/data/81033/000119312526342449/,
SEC_EDGAR,SEC-0001104659-26-093404,"8-K - Bluerock Homes Trust, Inc.","Bluerock Homes Trust, Inc.",2026-08-10,8-K,https://www.sec.gov/Archives/edgar/data/1903382/000110465926093404/,
FEDERAL_REGISTER,FR-2026-16265,Initiation of Antidumping and Countervailing Duty Administrative Reviews,Commerce,2026-08-10,Notice,https://www.federalregister.gov/documents/2026/08/10/2026-16265/initiation-of-antidumping-and-countervailing-duty-administrative-reviews,"The U.S. Department of Commerce (Commerce) has received requests to conduct administrative reviews of various antidumping duty (AD) and countervailing duty (CVD) orders with June anniversary dates. In accordance with Commerce's regulations, we are initiating those administrative reviews."
FEDERAL_REGISTER,FR-2026-16241,"Banister Hydro, Inc.; Notice of Reasonable Period of Time for Water Quality Certification Application",DOE,2026-08-10,Notice,https://www.federalregister.gov/documents/2026/08/10/2026-16241/banister-hydro-inc-notice-of-reasonable-period-of-time-for-water-quality-certification-application,
FEDERAL_REGISTER,FR-2026-16240,Combined Notice of Filings,DOE,2026-08-10,Notice,https://www.federalregister.gov/documents/2026/08/10/2026-16240/combined-notice-of-filings,
FEDERAL_REGISTER,FR-2026-16239,"Consolidated Hydro New York, LLC; Notice of Settlement Agreement and Soliciting Comments",DOE,2026-08-10,Notice,https://www.federalregister.gov/documents/2026/08/10/2026-16239/consolidated-hydro-new-york-llc-notice-of-settlement-agreement-and-soliciting-comments,
FEDERAL_REGISTER,FR-2026-16237,"El Paso Natural Gas Company, L.L.C.; Notice of Request Under Blanket Authorization and Establishing Intervention and Protest Deadline",DOE,2026-08-10,Notice,https://www.federalregister.gov/documents/2026/08/10/2026-16237/el-paso-natural-gas-company-llc-notice-of-request-under-blanket-authorization-and-establishing,
FEDERAL_REGISTER,FR-2026-16236,National Fuel Gas Supply Corporation; Notice of Request Under Blanket Authorization and Establishing Intervention and Protest Deadline,DOE,2026-08-10,Notice,https://www.federalregister.gov/documents/2026/08/10/2026-16236/national-fuel-gas-supply-corporation-notice-of-request-under-blanket-authorization-and-establishing,
FEDERAL_REGISTER,FR-2026-16235,Combined Notice of Filings #1,DOE,2026-08-10,Notice,https://www.federalregister.gov/documents/2026/08/10/2026-16235/combined-notice-of-filings-1,
FEDERAL_REGISTER,FR-2026-16234,"Foreign-Trade Zone (FTZ) 129; Withdrawal of Notification of Proposed Production Activity; Corvus Energy USA Ltd.; (Maritime Battery Equipment); Bellingham, Washington",Commerce,2026-08-10,Notice,https://www.federalregister.gov/documents/2026/08/10/2026-16234/foreign-trade-zone-ftz-129-withdrawal-of-notification-of-proposed-production-activity-corvus-energy,
FEDERAL_REGISTER,FR-2026-16226,Plan of Action Under the Defense Production Act (Material Sufficiency Committee),DOE,2026-08-10,Notice,https://www.federalregister.gov/documents/2026/08/10/2026-16226/plan-of-action-under-the-defense-production-act-material-sufficiency-committee,"On October 23, 2025, the Department of Energy held a public meeting to discuss the development of voluntary agreements and plans of action under the Defense Production Act. As part of that meeting, a draft voluntary agreement was released to the accompanying docket and published in the Federal Register for comment. This notice publishes the plan of action for the Material Sufficiency Committee under the ""Nuclear Fuel Cycle Consortium"" Voluntary Agreement, approved by the Secretary of Energy, after consultation by the Attorney General and Chairman of the Federal Trade Commission."
FEDERAL_REGISTER,FR-2026-16225,Plan of Action Under the Defense Production Act (Market-Integrated Fuel Utilization Committee),DOE,2026-08-10,Notice,https://www.federalregister.gov/documents/2026/08/10/2026-16225/plan-of-action-under-the-defense-production-act-market-integrated-fuel-utilization-committee,"On October 23, 2025, the Department of Energy held a public meeting to discuss the development of voluntary agreements and plans of action under the Defense Production Act. As part of that meeting, a draft voluntary agreement was released to the accompanying docket and published in the Federal Register for comment. This notice publishes the plan of action for the Market-Integrated Fuel Utilization Committee under the ""Nuclear Fuel Cycle Consortium"" Voluntary Agreement, approved by the Secretary of Energy, after consultation by the Attorney General and Chairman of the Federal Trade Commission."
FEDERAL_REGISTER,FR-2026-16224,Plan of Action Under the Defense Production Act (Human Mobilization Committee),DOE,2026-08-10,Notice,https://www.federalregister.gov/documents/2026/08/10/2026-16224/plan-of-action-under-the-defense-production-act-human-mobilization-committee,"On October 23, 2025, the Department of Energy held a public meeting to discuss the development of voluntary agreements and plans of action under the Defense Production Act. As part of that meeting, a draft voluntary agreement was released to the accompanying docket and published in the Federal Register for comment. This notice publishes the plan of action for the Human Mobilization Committee under the ""Nuclear Fuel Cycle Consortium"" Voluntary Agreement, approved by the Secretary of Energy, after consultation by the Attorney General and Chairman of the Federal Trade Commission."
FEDERAL_REGISTER,FR-2026-16194,Welded Stainless Line and Pressure Pipe From India and the Republic of Türkiye: Initiation of Countervailing Duty Investigations,Commerce,2026-08-10,Notice,https://www.federalregister.gov/documents/2026/08/10/2026-16194/welded-stainless-line-and-pressure-pipe-from-india-and-the-republic-of-trkiye-initiation-of,
FEDERAL_REGISTER,FR-2026-16193,"Welded Stainless Line and Pressure Pipe From India, the Republic of Türkiye, and the United Arab Emirates: Initiation of Less-Than-Fair-Value Investigations",Commerce,2026-08-10,Notice,https://www.federalregister.gov/documents/2026/08/10/2026-16193/welded-stainless-line-and-pressure-pipe-from-india-the-republic-of-trkiye-and-the-united-arab,
FEDERAL_REGISTER,FR-2026-16192,Snapper-Grouper Fishery of the South Atlantic; Requests for Exempted Fishing Permits,Commerce,2026-08-10,Notice,https://www.federalregister.gov/documents/2026/08/10/2026-16192/snapper-grouper-fishery-of-the-south-atlantic-requests-for-exempted-fishing-permits,"NMFS announces the receipt of three applications for exempted fishing permits (EFP) from the Florida Fish and Wildlife Conservation Commission (FWC), Georgia Department of Natural Resources (GADNR), and South Carolina Department of Natural Resources (SCDNR). If issued by NMFS, each EFP would exempt the applicable state agency and participating fishermen from specific Federal regulations applicable to the recreational harvest of red snapper in the South Atlantic. The applicants each propose to pilot test state data collection and management strategies for the recreational harvest of red snapper in 2026. The outcomes of the 2026 EFPs would inform the need and refinement of future EFP applications. The purposes of these EFPs are to improve data on recreational fishing effort, catch, and discards of red snapper in the South Atlantic and to inform the development of a long-term state-led management strategy for the recreational harvest of red snapper."
FEDERAL_REGISTER,FR-2026-16188,Agency Information Collection Activities; Submission to the Office of Management and Budget (OMB) for Review and Approval; Comment Request; Survey of Income and Program Participation (SIPP),Commerce,2026-08-07,Notice,https://www.federalregister.gov/documents/2026/08/07/2026-16188/agency-information-collection-activities-submission-to-the-office-of-management-and-budget-omb-for,"The Department of Commerce, in accordance with the Paperwork Reduction Act (PRA) of 1995, invites the general public and other Federal agencies to comment on proposed and continuing information collections. These comments help us assess the impact of our information collection requirements and minimize the public's reporting burden. The purpose of this notice is to allow for 60 days of public comment on the proposed revision of the Survey of Income and Program Participation (SIPP), prior to the submission of the information collection request (ICR) to the Office of Management and Budget (OMB) for approval."
FEDERAL_REGISTER,FR-2026-16186,Certain Preserved Mushrooms From Poland: Preliminary Results of Antidumping Duty Administrative Review; 2024-2025,Commerce,2026-08-07,Notice,https://www.federalregister.gov/documents/2026/08/07/2026-16186/certain-preserved-mushrooms-from-poland-preliminary-results-of-antidumping-duty-administrative,"The U.S. Department of Commerce (Commerce) preliminarily determines that the sole mandatory respondent, Okechamp S.A. (Okechamp), made sales of subject merchandise at less than normal value (NV) during the period of review (POR), May 1, 2024, through April 30, 2025. Interested parties are invited to comment on these preliminary results of review."
FEDERAL_REGISTER,FR-2026-16185,Polyethylene Retail Carrier Bags From Malaysia: Final Results of Antidumping Duty Administrative Review; 2023-2024,Commerce,2026-08-07,Notice,https://www.federalregister.gov/documents/2026/08/07/2026-16185/polyethylene-retail-carrier-bags-from-malaysia-final-results-of-antidumping-duty-administrative,"The U.S. Department of Commerce (Commerce) determines that polyethylene retail carrier bags (PRCBs) from Malaysia were not sold in the United States at less than normal value during the period of review (POR), August 1, 2023, through July 31, 2024."
FEDERAL_REGISTER,FR-2026-16184,Polyethylene Retail Carrier Bags From the People's Republic of China: Final Results of Antidumping Duty Administrative Review; 2024-2025,Commerce,2026-08-07,Notice,https://www.federalregister.gov/documents/2026/08/07/2026-16184/polyethylene-retail-carrier-bags-from-the-peoples-republic-of-china-final-results-of-antidumping,"The U.S. Department of Commerce (Commerce) determines that that Crown Polyethylene Products (International) Ltd. (Crown) is not eligible for a separate rate and is part of the China-wide entity in the administrative review of the antidumping duty (AD) order on polyethylene retail carrier bags from the People's Republic of China (China) for the period of review (POR) August 1, 2024, through July 31, 2025."
FEDERAL_REGISTER,FR-2026-16183,Tin Mill Products From Taiwan and the Republic of Türkiye: Postponement of Preliminary Determination in the Less-Than-Fair-Value Investigations,Commerce,2026-08-07,Notice,https://www.federalregister.gov/documents/2026/08/07/2026-16183/tin-mill-products-from-taiwan-and-the-republic-of-trkiye-postponement-of-preliminary-determination,
FEDERAL_REGISTER,FR-2026-16182,Circular Welded Carbon Steel Standard Pipe and Tube Products From the Republic of Türkiye: Preliminary Results of Antidumping Duty Administrative Review; 2024-2025,Commerce,2026-08-07,Notice,https://www.federalregister.gov/documents/2026/08/07/2026-16182/circular-welded-carbon-steel-standard-pipe-and-tube-products-from-the-republic-of-trkiye-preliminary,"The U.S. Department of Commerce (Commerce) preliminarily determines that the sole respondent, Borusan Birle[ccedil]ik Boru Fabrikalari Sanayi ve Ticaret A.[Scedil]., subject to this review made sales of subject merchandise at less than normal value (NV) during the period of review (POR), May 1, 2024, through April 30, 2025. Interested parties are invited to comment on these preliminary results of review."
FEDERAL_REGISTER,FR-2026-16181,Pacific Halibut Fisheries of the West Coast; 2026 Catch Sharing Plan; Inseason Action; Correction,Commerce,2026-08-07,Rule,https://www.federalregister.gov/documents/2026/08/07/2026-16181/pacific-halibut-fisheries-of-the-west-coast-2026-catch-sharing-plan-inseason-action-correction,NMFS is correcting a temporary rule for the Pacific halibut recreational fishery in the International Pacific Halibut Commission's (IPHC) regulatory Area 2A. The action added fishing dates in August and September in the Columbia River and Washington subareas. The dates listed under each subarea were incorrect.
FEDERAL_REGISTER,FR-2026-16175,"PJM Interconnection, L.L.C., AEP Appalachian Transmission Company, Inc., AEP Indiana Michigan Transmission Company, Inc., AEP Kentucky Transmission Company, Inc., AEP Ohio Transmission Company, Inc., AEP West Virginia Transmission Company, Inc., Allegheny Electric Cooperative, Inc., American Transmission Systems, Incorporated, Appalachian Power Company, Atlantic City Electric Company, Baltimore Gas and Electric Company, Commonwealth Edison Company, Commonwealth Edison Company of Indiana, Inc., Dayton Power and Light Company, Delmarva Power & Light Company, Duke Energy Kentucky, Inc., Duke Energy Ohio, Inc., Duquesne Light Company, Essential Power Rock Springs, LLC, Hudson Transmission Partners, LLC, Indiana Michigan Power Company, Jersey Central Power & Light Company, Kentucky Power Company, Keystone Appalachian Transmission Company, Kingsport Power Company, Linden VFT, LLC, Mid-Atlantic Interstate Transmission, LLC, Monongahela Power Company, Neptune Regional Transmission System, LLC, NextEra Energy Transmission MidAtlantic Indiana, Inc., Ohio Power Company, Ohio Valley Electric Corporation, Old Dominion Electric Cooperative, PECO Energy Company, PPL Electric Utilities Corporation, The Potomac Edison Company, Potomac Electric Power Company, Public Service Electric and Gas Company, Rockland Electric Company, Silver Run Electric, LLC, Trans-Allegheny Interstate Line Company, Transource West Virginia, LLC, UGI Utilities, Inc., Virginia Electric and Power Company, Wabash Valley Power Association, Inc., Wheeling Power Company; Notice Establishing Answer Period",DOE,2026-08-07,Notice,https://www.federalregister.gov/documents/2026/08/07/2026-16175/pjm-interconnection-llc-aep-appalachian-transmission-company-inc-aep-indiana-michigan-transmission,
FEDERAL_REGISTER,FR-2026-16174,"Southwest Power Pool, Inc.; AEP Oklahoma Transmission Company, Inc.; AEP Southwestern Transmission Company, Inc.; Deseret Generation & Transmission Co-Operative, Inc.; Empire District Electric Company; Evergy Kansas Central, Inc.; Evergy Kansas South, Inc.; Evergy Metro, Inc.; Evergy Missouri West, Inc.; GridLiance High Plains LLC; ITC Great Plains, LLC; Mountrail-Williams Electric Cooperative; NextEra Energy Transmission Southwest, LLC; NorthWestern Energy Public Service Corporation; Oklahoma Gas and Electric Company; Prairie Wind Transmission, LLC; Public Service Company of Oklahoma; Southwestern Electric Power Company; Southwestern Public Service Company; Transource Missouri, LLC; Transource Oklahoma, LLC; Tri-State Generation and Transmission Association, Inc.; Upper Missouri G. & T. Electric Cooperative, Inc.; Notice Establishing Answer Period",DOE,2026-08-07,Notice,https://www.federalregister.gov/documents/2026/08/07/2026-16174/southwest-power-pool-inc-aep-oklahoma-transmission-company-inc-aep-southwestern-transmission-company,
FEDERAL_REGISTER,FR-2026-16173,"New York Independent System Operator, Inc.; Central Hudson Gas & Electric Corporation; Consolidated Edison Company of New York, Inc.; LS Power Grid New York Corporation I; New York State Electric & Gas Corporation; New York Transco LLC; NextEra Energy Transmission New York, Inc.; Niagara Mohawk Power Corp.; Orange and Rockland Utilities, Inc.; Rochester Gas and Electric Corporation; Notice Establishing Answer Period",DOE,2026-08-07,Notice,https://www.federalregister.gov/documents/2026/08/07/2026-16173/new-york-independent-system-operator-inc-central-hudson-gas-and-electric-corporation-consolidated,
FEDERAL_REGISTER,FR-2026-16172,"ISO New England Inc.; Central Maine Power Company; The Connecticut Light and Power Company; Fitchburg Gas and Electric Light Company; Green Mountain Power Corporation; Maine Electric Power Company; The Narragansett Electric Company; New England Power Company; New Hampshire Transmission, LLC; NSTAR Electric Company; Public Service Company of New Hampshire; The United Illuminating Company; Unitil Energy Systems, Inc.; Vermont Electric Power Company, Inc.; Vermont Transco LLC; Versant Power; Notice Establishing Answer Period",DOE,2026-08-07,Notice,https://www.federalregister.gov/documents/2026/08/07/2026-16172/iso-new-england-inc-central-maine-power-company-the-connecticut-light-and-power-company-fitchburg,
FEDERAL_REGISTER,FR-2026-16171,"Pacific Gas & Electric Company; Notice of Application for Minimum Flow Variance Accepted for Filing, Soliciting Comments, Motions To Intervene, and Protests",DOE,2026-08-07,Notice,https://www.federalregister.gov/documents/2026/08/07/2026-16171/pacific-gas-and-electric-company-notice-of-application-for-minimum-flow-variance-accepted-for-filing,
FEDERAL_REGISTER,FR-2026-16170,"Erie Boulevard Hydropower, L.P.; Notice of Application Accepted for Filing, Soliciting Motions To Intervene and Protests, Ready for Environmental Analysis, and Soliciting Comments, Recommendations, Preliminary Terms and Conditions, and Preliminary Fishway Prescriptions",DOE,2026-08-07,Notice,https://www.federalregister.gov/documents/2026/08/07/2026-16170/erie-boulevard-hydropower-lp-notice-of-application-accepted-for-filing-soliciting-motions-to,
FEDERAL_REGISTER,FR-2026-16169,"Erie Boulevard Hydropower, L.P.; Notice of Application Accepted for Filing, Soliciting Motions To Intervene and Protests, Ready for Environmental Analysis, and Soliciting Comments, Recommendations, Preliminary Terms and Conditions, and Preliminary Fishway Prescriptions",DOE,2026-08-07,Notice,https://www.federalregister.gov/documents/2026/08/07/2026-16169/erie-boulevard-hydropower-lp-notice-of-application-accepted-for-filing-soliciting-motions-to,
FEDERAL_REGISTER,FR-2026-16168,"Erie Boulevard Hydropower, L.P.; Notice of Application Accepted for Filing, Soliciting Motions To Intervene and Protests, Ready for Environmental Analysis, and Soliciting Comments, Recommendations, Preliminary Terms and Conditions, and Preliminary Fishway Prescriptions",DOE,2026-08-07,Notice,https://www.federalregister.gov/documents/2026/08/07/2026-16168/erie-boulevard-hydropower-lp-notice-of-application-accepted-for-filing-soliciting-motions-to,
FEDERAL_REGISTER,FR-2026-16167,"Midcontinent Independent System Operator, Inc.; AEP Indiana Michigan Transmission Company, Inc.; ALLETE, Inc.; Ameren Illinois Company; Ameren Transmission Company of Illinois; American Transmission Company, LLC; Cleco Power LLC; Duke Energy Indiana, LLC; Entergy Arkansas, LLC; Entergy Louisiana, LLC; Entergy Mississippi, LLC; Entergy New Orleans, LLC; Entergy Texas, Inc.; GridLiance Heartland LLC; Indianapolis Power & Light Company; International Transmission Company; ITC Midwest LLC; Michigan Electric Transmission Company, LLC; MidAmerican Energy Company; Montana-Dakota Utilities Company; Northern Indiana Public Service Company LLC; Northern States Power Company, a Minnesota; Corporation; Northern States Power Company, a Wisconsin Corporation; Northwestern Wisconsin Electric Company; Otter Tail Power Company; Pioneer Transmission, LLC; Republic Transmission, LLC; Southern Indiana Gas & Electric Company; Union Electric Company; Wabash Valley Power Association, Inc.; Wolverine Power Supply Cooperative, Inc.; Notice Establishing Answer Period",DOE,2026-08-07,Notice,https://www.federalregister.gov/documents/2026/08/07/2026-16167/midcontinent-independent-system-operator-inc-aep-indiana-michigan-transmission-company-inc-allete,
FEDERAL_REGISTER,FR-2026-16166,"California Independent System; Operator Corporation; Citizen S-Line Transmission LLC; Citizens Sunrise Transmission LLC; Citizens Sycamore-Penasquitos Transmission LLC; City of Anaheim, California; City of Azusa, California; City of Banning, California; City of Colton, California; City of Pasadena, California; City of Riverside, California; DCR Transmission, L.L.C.; DesertLink, LLC; GridLiance West LLC; Horizon West Transmission, LLC; LS Power Grid California, LLC; Morongo Transmission LLC; Pacific Gas and Electric Company; San Diego Gas & Electric Company; Southern California Edison Company; Startrans IO, L.L.C.; SunZia Transmission, LLC; Trans Bay Cable LLC; Valley Electric Association, Inc.; Viridon Path 15, LLC; Western Area Power Administration; Notice Establishing Answer Period",DOE,2026-08-07,Notice,https://www.federalregister.gov/documents/2026/08/07/2026-16166/california-independent-system-operator-corporation-citizen-s-line-transmission-llc-citizens-sunrise,
FEDERAL_REGISTER,FR-2026-16165,"California Independent System, Operator Corporation, Citizen S-Line Transmission LLC, Citizens Sunrise Transmission LLC, Citizens Sycamore-Penasquitos Transmission LLC, City of Anaheim, California, City of Azusa, California, City of Banning, California, City of Colton, California, City of Pasadena, California, City of Riverside, California, DCR Transmission, L.L.C., DesertLink, LLC, GridLiance West LLC, Horizon West Transmission, LLC, LS Power Grid California, LLC, Morongo Transmission LLC, Pacific Gas and Electric Company, San Diego Gas & Electric Company, Southern California Edison Company, Startrans IO, L.L.C., SunZia Transmission, LLC, Trans Bay Cable LLC, Valley Electric Association, Inc., Viridon Path 15, LLC, Western Area Power Administration; Notice of Shortened Answer Period",DOE,2026-08-07,Notice,https://www.federalregister.gov/documents/2026/08/07/2026-16165/california-independent-system-operator-corporation-citizen-s-line-transmission-llc-citizens-sunrise,
FEDERAL_REGISTER,FR-2026-16156,Fisheries of the Exclusive Economic Zone Off Alaska; Reapportionment of Halibut Prohibited Species Catch Limits in the Bering Sea and Aleutian Islands Management Area,Commerce,2026-08-07,Rule,https://www.federalregister.gov/documents/2026/08/07/2026-16156/fisheries-of-the-exclusive-economic-zone-off-alaska-reapportionment-of-halibut-prohibited-species,NMFS is reapportioning the unused amounts of the Pacific cod Trawl Cooperative (PCTC) Program halibut prohibited species catch (PSC) limit to the Pacific cod trawl limited access catcher vessel sector C season in the Bering Sea and Aleutian Islands management area (BSAI).
FEDERAL_REGISTER,FR-2026-16152,Sunshine Act Meetings,NRC,2026-08-07,Notice,https://www.federalregister.gov/documents/2026/08/07/2026-16152/sunshine-act-meetings,
FEDERAL_REGISTER,FR-2026-16146,Carbazole Violet Pigment 23 From India: Final Results of Fourth Sunset Review and Revocation of Countervailing Duty Order,Commerce,2026-08-07,Notice,https://www.federalregister.gov/documents/2026/08/07/2026-16146/carbazole-violet-pigment-23-from-india-final-results-of-fourth-sunset-review-and-revocation-of,"On May 1, 2026, the U.S. Department of Commerce (Commerce) initiated the fourth sunset review of the countervailing duty (CVD) order on carbazole violet pigment 23 (CVP-23) from India. Because no domestic party responded to the sunset review notice of initiation by the applicable deadline, consistent with section 751(c)(3)(A) of the Tariff Act of 1930, as amended (the Act), Commerce is revoking the CVD order on carbazole violet pigment 23 from India."
FEDERAL_REGISTER,FR-2026-16144,738th Meeting of the Advisory Committee on Reactor Safeguards (ACRS),NRC,2026-08-07,Notice,https://www.federalregister.gov/documents/2026/08/07/2026-16144/738th-meeting-of-the-advisory-committee-on-reactor-safeguards-acrs,
FEDERAL_REGISTER,FR-2026-16143,Carbazole Violet Pigment 23 from India and the People's Republic of China: Final Results of Sunset Reviews and Revocation of the Antidumping Duty Orders,Commerce,2026-08-07,Notice,https://www.federalregister.gov/documents/2026/08/07/2026-16143/carbazole-violet-pigment-23-from-india-and-the-peoples-republic-of-china-final-results-of-sunset,"On May 1, 2026, the Department of Commerce (Commerce) initiated the fourth sunset reviews of the antidumping duty (AD) orders on carbazole violet pigment 23 (CVP-23) From India and the People's Republic of China (China). Because no domestic interested party responded to the sunset review notice of initiation by the applicable deadline, consistent with section 751(c)(3)(A) of the Tariff Act of 1930, as amended (the Act), Commerce is revoking the AD orders on CVP- 23 from India and China."
FEDERAL_REGISTER,FR-2026-16132,Powertech (USA) Inc.; Dewey-Burdock Uranium In-Situ Recovery Project; License Renewal,NRC,2026-08-07,Notice,https://www.federalregister.gov/documents/2026/08/07/2026-16132/powertech-usa-inc-dewey-burdock-uranium-in-situ-recovery-project-license-renewal,"The U.S. Nuclear Regulatory Commission (NRC) has issued a renewed license to enCore Energy Corporation (Powertech (USA) Incorporated) for its Dewey-Burdock Uranium In-Situ Recovery (ISR) Project in Fall River and Custer Counties, South Dakota. Under conditions listed in the renewed license, the Source and Materials License SUA-1600 authorizes enCore Energy Corporation (Powertech (USA) Incorporated) to operate its facilities as proposed in its license renewal application, as amended, and to possess uranium source and byproduct material at the Dewey-Burdock Uranium ISR Project."
FEDERAL_REGISTER,FR-2026-16127,Combined Notice of Filings #1,DOE,2026-08-07,Notice,https://www.federalregister.gov/documents/2026/08/07/2026-16127/combined-notice-of-filings-1,
FEDERAL_REGISTER,FR-2026-16126,Combined Notice of Filings,DOE,2026-08-07,Notice,https://www.federalregister.gov/documents/2026/08/07/2026-16126/combined-notice-of-filings,
FEDERAL_REGISTER,FR-2026-16115,"Energy Solutions, LLC; Application for Class A Low-Level Radioactive Waste Import License",NRC,2026-08-07,Notice,https://www.federalregister.gov/documents/2026/08/07/2026-16115/energy-solutions-llc-application-for-class-a-low-level-radioactive-waste-import-license,"The U.S. Nuclear Regulatory Commission (NRC) received and is considering approval of an import license application dated June 5, 2026, submitted by EnergySolutions, LLC (EnergySolutions) to import Class A low-level radioactive waste (LLRW) from the Province of Ontario, Canada to Clive, Utah for disposal at EnergySolutions' disposal facility in Clive, Utah. The NRC is providing notice of the opportunity to comment, request a hearing, and petition for leave to intervene on EnergySolutions' application."
FEDERAL_REGISTER,FR-2026-16113,"Eden Radioisotopes, LLC; Eden Isotope Production Complex; Notice of Hearing",NRC,2026-08-07,Notice,https://www.federalregister.gov/documents/2026/08/07/2026-16113/eden-radioisotopes-llc-eden-isotope-production-complex-notice-of-hearing,"The U.S. Nuclear Regulatory Commission (NRC) is providing public notice of an uncontested hearing on a construction permit application from Eden Radioisotopes, LLC (Eden) for construction of the Eden Isotope Production Complex near Eunice, Lea County, New Mexico."
FEDERAL_REGISTER,FR-2026-16104,"Foreign-Trade Zone (FTZ) 21, Notification of Proposed Production Activity; Translucent Solar, LLC; (Solar Modules); Summerville, South Carolina",Commerce,2026-08-07,Notice,https://www.federalregister.gov/documents/2026/08/07/2026-16104/foreign-trade-zone-ftz-21-notification-of-proposed-production-activity-translucent-solar-llc-solar,
FEDERAL_REGISTER,FR-2026-16103,"Fisheries of the South Atlantic; Southeast Data, Assessment, and Review; Public Meeting",Commerce,2026-08-07,Notice,https://www.federalregister.gov/documents/2026/08/07/2026-16103/fisheries-of-the-south-atlantic-southeast-data-assessment-and-review-public-meeting,"The Southeast Data Assessment and Review (SEDAR) 90 assessment process of South Atlantic Red Snapper will consist of a Data Workshop, a series of Assessment Webinars, and a Review Workshop. See SUPPLEMENTARY INFORMATION."
FEDERAL_REGISTER,FR-2026-16095,"Fisheries of the Gulf of America; Southeast Data, Assessment, and Review; Public Meeting",Commerce,2026-08-07,Notice,https://www.federalregister.gov/documents/2026/08/07/2026-16095/fisheries-of-the-gulf-of-america-southeast-data-assessment-and-review-public-meeting,The Southeast Data Assessment and Review (SEDAR) 105 assessment process of Gulf gag grouper will consist of a series of assessment webinars. See SUPPLEMENTARY INFORMATION.
FEDERAL_REGISTER,FR-2026-16094,Pacific Fishery Management Council; Public Meeting,Commerce,2026-08-07,Notice,https://www.federalregister.gov/documents/2026/08/07/2026-16094/pacific-fishery-management-council-public-meeting,The Pacific Fishery Management Council (Pacific Council) will hold an online meeting of its Ad Hoc Highly Migratory Species (HMS) Fisheries Innovation Workgroup (FIW) to discuss procedures to facilitate the development of new HMS gears and achieve the goals of the HMS Roadmap. This meeting is open to the public.
FEDERAL_REGISTER,FR-2026-16093,"Fisheries of the Gulf of America; Southeast Data, Assessment, and Review; Public Meeting",Commerce,2026-08-07,Notice,https://www.federalregister.gov/documents/2026/08/07/2026-16093/fisheries-of-the-gulf-of-america-southeast-data-assessment-and-review-public-meeting,"The Southeast Data Assessment and Review (SEDAR) 98 assessment process of Gulf red snapper will consist of a Data Workshop, and a series of assessment webinars, and a Review Workshop. See SUPPLEMENTARY INFORMATION."
FEDERAL_REGISTER,FR-2026-16078,DPAS Directive Allocation Order and Additional Requirements for Recoverable Critical Minerals and Materials,Commerce,2026-08-06,Rule,https://www.federalregister.gov/documents/2026/08/06/2026-16078/dpas-directive-allocation-order-and-additional-requirements-for-recoverable-critical-minerals-and,"The Bureau of Industry and Security (""BIS"") is publishing this temporary final rule to restrict the exportation of black mass and tungsten waste and scrap without a license. Specifically, as of August 27, 2026, U.S. persons engaged in the sale of black mass and tungsten waste and scrap must allocate 100 percent of monthly sales to U.S. persons, unless an adjustment or exception is obtained in advance from BIS. This action is taken pursuant to section 101 of the Defense Production Act of 1950, as amended (""DPA"" or the ""Act""), the Defense Priorities and Allocations System (15 CFR part 700) and Presidential Determination Pursuant to Section 101 of the Defense Production Act of 1950, as Amended, on Recoverable Critical Minerals and Materials, dated July 30, 2026 (""DPA Determination on Recoverable CMMs""), in which the President authorized the Department of Commerce (""Commerce"") to address the scarcity of recoverable critical minerals and materials (""CMMs""). BIS invites the public to submit comments on whether any additional sales requirements are necessary or appropriate to promote the national defense."
FEDERAL_REGISTER,FR-2026-16077,Pacific Halibut Fisheries of the West Coast; Inseason Action for the 2026 Area 2A Pacific Halibut Directed Commercial Fishery,Commerce,2026-08-06,Rule,https://www.federalregister.gov/documents/2026/08/06/2026-16077/pacific-halibut-fisheries-of-the-west-coast-inseason-action-for-the-2026-area-2a-pacific-halibut,"NMFS announces an inseason action for the 2026 Pacific halibut non-Tribal directed commercial fishery in the International Pacific Halibut Commission's (IPHC) regulatory Area 2A. This action adds a fishing period, August 18 through August 20, 2026, with a fishing period catch limit of 5,000 pounds (lb) (2.27 metric tons (mt)) per vessel, dressed weight. This action is intended to provide additional opportunity for the fleet to achieve the 2026 non-Tribal directed commercial fishery allocation."
FEDERAL_REGISTER,FR-2026-16065,"Gulf South Pipeline Company, LLC; Notice of Request Under Blanket Authorization and Establishing Intervention and Protest Deadline",DOE,2026-08-06,Notice,https://www.federalregister.gov/documents/2026/08/06/2026-16065/gulf-south-pipeline-company-llc-notice-of-request-under-blanket-authorization-and-establishing,
FEDERAL_REGISTER,FR-2026-16064,Oglethorpe Power Corporation; Notice of Reasonable Period of Time for Water Quality Certification Application,DOE,2026-08-06,Notice,https://www.federalregister.gov/documents/2026/08/06/2026-16064/oglethorpe-power-corporation-notice-of-reasonable-period-of-time-for-water-quality-certification,
FEDERAL_REGISTER,FR-2026-16063,"Kodiak Electric Association, Inc.; Notice of Intent To File License Application, Filing of Pre-Application Document (Pad), Commencement of Pre-Filing Process, and Scoping; Request for Comments on the Pad and Scoping Document, and Identification of Issues and Associated Study Requests",DOE,2026-08-06,Notice,https://www.federalregister.gov/documents/2026/08/06/2026-16063/kodiak-electric-association-inc-notice-of-intent-to-file-license-application-filing-of,
FEDERAL_REGISTER,FR-2026-16061,Notice of Motion for Deferral of Effective Date,DOE,2026-08-06,Notice,https://www.federalregister.gov/documents/2026/08/06/2026-16061/notice-of-motion-for-deferral-of-effective-date,
FEDERAL_REGISTER,FR-2026-16060,"Scott's Mill Hydro, LLC; Notice of Availability of Environmental Assessment",DOE,2026-08-06,Notice,https://www.federalregister.gov/documents/2026/08/06/2026-16060/scotts-mill-hydro-llc-notice-of-availability-of-environmental-assessment,
FEDERAL_REGISTER,FR-2026-16057,Prestressed Concrete Steel Wire Strand From the People's Republic of China: Final Results of the Expedited Third Sunset Review of the Antidumping Duty Order,Commerce,2026-08-06,Notice,https://www.federalregister.gov/documents/2026/08/06/2026-16057/prestressed-concrete-steel-wire-strand-from-the-peoples-republic-of-china-final-results-of-the,"The U.S. Department of Commerce (Commerce) finds that revocation of the antidumping duty (AD) order on prestressed concrete steel wire strand (PC strand) from the People's Republic of China (China) would be likely to lead to continuation or recurrence of dumping, at the levels indicated in the ""Final Results of Sunset Review"" section of this notice."
FEDERAL_REGISTER,FR-2026-16056,Certain Tissue Paper Products From the People's Republic of China: Initiation of Circumvention Inquiry of the Antidumping Duty Order,Commerce,2026-08-06,Notice,https://www.federalregister.gov/documents/2026/08/06/2026-16056/certain-tissue-paper-products-from-the-peoples-republic-of-china-initiation-of-circumvention-inquiry,"In response to a request from Seaman Paper Company of Massachusetts, Inc. (Seaman, or the requester), the U.S. Department of Commerce (Commerce) is initiating a country-wide circumvention inquiry to determine whether imports of certain tissue paper products (tissue paper) completed in the Socialist Republic of Vietnam (Vietnam) using jumbo paper rolls manufactured in the People's Republic of China (China), are circumventing the antidumping duty (AD) order on tissue paper from China."
FEDERAL_REGISTER,FR-2026-16053,"Disposable Aluminum Containers, Pans, Trays, and Lids From the People's Republic of China: Initiation of Circumvention Inquiries on the Antidumping and Countervailing Duty Orders",Commerce,2026-08-06,Notice,https://www.federalregister.gov/documents/2026/08/06/2026-16053/disposable-aluminum-containers-pans-trays-and-lids-from-the-peoples-republic-of-china-initiation-of,"In response to a request from the Aluminum Foil Containers Manufacturers Association (AFCMA) and the following individual members of AFCMA, Durable Packaging International; D&W Fine Pack, LLC; Handifoil Corp.; Penny Plate, LLC; Reynolds Consumer Products, LLC; Shah Foil Products, Inc.; Smart USA, Inc.; Trinidad/Benham Corp.; and Wyda Packaging Corp. (collectively, the requesters), the U.S. Department of Commerce (Commerce) is initiating country-wide circumvention inquiries to determine whether imports of disposable aluminum containers, pans, trays, and lids (aluminum containers) completed in Indonesia and Malaysia (collectively, the third countries) using aluminum foil manufactured in the People's Republic of China (China), are circumventing the antidumping duty (AD) and countervailing duty (CVD) orders on aluminum containers from China."
FEDERAL_REGISTER,FR-2026-16052,Certain Corrosion Inhibitors From the People's Republic of China: Continuation of Antidumping Duty and Countervailing Duty Orders,Commerce,2026-08-06,Notice,https://www.federalregister.gov/documents/2026/08/06/2026-16052/certain-corrosion-inhibitors-from-the-peoples-republic-of-china-continuation-of-antidumping-duty-and,"As a result of the determinations by the U.S. Department of Commerce (Commerce) and the U.S. International Trade Commission (ITC) that revocation of the antidumping duty (AD) order and countervailing duty (CVD) order on certain corrosion inhibitors from the People's Republic of China would likely lead to the continuation or recurrence of dumping, countervailable subsidies, and material injury to an industry in the United States, Commerce is publishing a notice of continuation of these AD and CVD orders."
FEDERAL_REGISTER,FR-2026-16051,Certain Magnesia Carbon Bricks From the People's Republic of China: Rescission of Antidumping Duty Administrative Review; 2024-2025,Commerce,2026-08-06,Notice,https://www.federalregister.gov/documents/2026/08/06/2026-16051/certain-magnesia-carbon-bricks-from-the-peoples-republic-of-china-rescission-of-antidumping-duty,"The U.S. Department of Commerce (Commerce) is rescinding the administrative review of the antidumping duty (AD) order on certain magnesia carbon bricks (bricks) from the People's Republic of China (China) covering the period of review (POR) September 1, 2024, through August 31, 2025, because, as explained below, there are no reviewable suspended entries for the companies subject to this review."
FEDERAL_REGISTER,FR-2026-16049,Magnuson-Stevens Act Provisions; Fisheries Off West Coast States; Pacific Coast Groundfish Fishery; Pacific Coast Groundfish Fishery Management Plan; Amendment 36; Limited Entry Fixed Gear Follow-On Actions; Correction,Commerce,2026-08-06,Rule,https://www.federalregister.gov/documents/2026/08/06/2026-16049/magnuson-stevens-act-provisions-fisheries-off-west-coast-states-pacific-coast-groundfish-fishery,"NMFS corrects the final rule published on July 22, 2026 to implement Amendment 36 to the Pacific Coast Groundfish Fishery Management Plan (91 FR 46000). The final rule inadvertently omitted portions of three amendatory instructions. This correction fixes the omissions."
FEDERAL_REGISTER,FR-2026-16044,"Duke Energy Carolinas, LLC; Belews Creek; Notice of Hearing",NRC,2026-08-06,Notice,https://www.federalregister.gov/documents/2026/08/06/2026-16044/duke-energy-carolinas-llc-belews-creek-notice-of-hearing,"The U.S. Nuclear Regulatory Commission (NRC) is providing public notice for an uncontested hearing on NRC staff's review of the early site permit (ESP) application, from Duke Energy Carolinas, LLC, (Duke Energy) for the Belews Creek Site located in Sauratown Township, Stokes County, and Belews Creek Township, Forsyth County, North Carolina."
FEDERAL_REGISTER,FR-2026-16041,Citric Acid and Certain Citrate Salts From the People's Republic of China: Preliminary Results of the Antidumping Duty Administrative Review; 2024-2025,Commerce,2026-08-06,Notice,https://www.federalregister.gov/documents/2026/08/06/2026-16041/citric-acid-and-certain-citrate-salts-from-the-peoples-republic-of-china-preliminary-results-of-the,"The U.S. Department of Commerce (Commerce) preliminarily determines that RZBC Group Co., Ltd., RZBC Co., Ltd., RZBC Import & Export Co., Ltd., and RZBC (Juxian) Co., Ltd. (collectively, RZBC) made sales of citric acid and certain citrate salts (citric acid) from the People's Republic of China (China) at less than normal value (NV) during the period of review (POR) May 1, 2024, through April 30, 2025. Interested parties are invited to comment on these preliminary results of review."
FEDERAL_REGISTER,FR-2026-16039,Notice of Scope Ruling Applications Filed in Antidumping and Countervailing Duty Proceedings,Commerce,2026-08-06,Notice,https://www.federalregister.gov/documents/2026/08/06/2026-16039/notice-of-scope-ruling-applications-filed-in-antidumping-and-countervailing-duty-proceedings,"The U.S. Department of Commerce (Commerce) received scope ruling applications, requesting that scope inquiries be conducted to determine whether identified products are covered by the scope of antidumping duty (AD) and/or countervailing duty (CVD) orders and that Commerce issue scope rulings pursuant to those inquiries. In accordance with Commerce's regulations, we are notifying the public of the filing of the scope ruling applications listed below in the month of June 2026."
FEDERAL_REGISTER,FR-2026-16037,Notice of Scope Rulings,Commerce,2026-08-06,Notice,https://www.federalregister.gov/documents/2026/08/06/2026-16037/notice-of-scope-rulings,"The U.S. Department of Commerce (Commerce) hereby publishes a list of scope rulings made during the period April 1, 2026, through June 30, 2026. We intend to publish future lists after the close of the next calendar quarter."
FEDERAL_REGISTER,FR-2026-16036,Carbon and Alloy Steel Cut-to-Length Plate From the Republic of Korea: Preliminary Results of Antidumping Duty Administrative Review; 2024-2025,Commerce,2026-08-06,Notice,https://www.federalregister.gov/documents/2026/08/06/2026-16036/carbon-and-alloy-steel-cut-to-length-plate-from-the-republic-of-korea-preliminary-results-of,"The U.S. Department of Commerce (Commerce) preliminarily determines that POSCO, POSCO International Corporation, POSCO Mobility Solution (POSCO MS), Taechang Steel Co., Ltd., and Winsteel Co., Ltd., (collectively, the POSCO single entity) made sales of subject merchandise at less than normal value (NV) during the period of review (POR), May 1, 2024, through April 30, 2025. Interested parties are invited to comment on these preliminary results."
FEDERAL_REGISTER,FR-2026-16034,Certain Carbon and Alloy Steel Cut-to-Length Plate From the Federal Republic of Germany: Preliminary Results of Antidumping Duty Administrative Review; 2024-2025,Commerce,2026-08-06,Notice,https://www.federalregister.gov/documents/2026/08/06/2026-16034/certain-carbon-and-alloy-steel-cut-to-length-plate-from-the-federal-republic-of-germany-preliminary,"The U.S. Department of Commerce (Commerce) preliminarily determines that AG der Dillinger H[uuml]ttenwerke (Dillinger) did not make sales of subject merchandise at less than normal value (NV) during the period of review (POR), May 1, 2024, through April 30, 2025. Interested parties are invited to comment on these preliminary results of review."
FEDERAL_REGISTER,FR-2026-16033,Fiberglass Door Panels From the People's Republic of China: Antidumping Duty Order and Countervailing Duty Order,Commerce,2026-08-06,Notice,https://www.federalregister.gov/documents/2026/08/06/2026-16033/fiberglass-door-panels-from-the-peoples-republic-of-china-antidumping-duty-order-and-countervailing,"Based on affirmative final determinations by the U.S. Department of Commerce (Commerce) and the U.S. International Trade Commission (ITC), Commerce is issuing antidumping duty (AD) and countervailing duty (CVD) orders on fiberglass door panels (door panels) from the People's Republic of China (China)."
FEDERAL_REGISTER,FR-2026-16018,Organic Soybean Meal From India: Preliminary Results and Partial Rescission of Countervailing Duty Administrative Review; 2024,Commerce,2026-08-06,Notice,https://www.federalregister.gov/documents/2026/08/06/2026-16018/organic-soybean-meal-from-india-preliminary-results-and-partial-rescission-of-countervailing-duty,"The U.S. Department of Commerce (Commerce) preliminarily determines that countervailable subsidies are being provided to certain producers/exporters of organic soybean meal from India. The period of review (POR) is January 1, 2024, through December 31, 2024. Interested parties are invited to comment on these preliminary results."
FEDERAL_REGISTER,FR-2026-16017,"Certain Carbon and Alloy Steel Cut-to-Length Plate From the Republic of Korea: Preliminary Results and Rescission, in Part of Countervailing Duty Administrative Review; 2024",Commerce,2026-08-06,Notice,https://www.federalregister.gov/documents/2026/08/06/2026-16017/certain-carbon-and-alloy-steel-cut-to-length-plate-from-the-republic-of-korea-preliminary-results,"The U.S. Department of Commerce (Commerce) preliminarily determines that countervailable subsidies were provided to certain producers and exporters of certain carbon and alloy steel cut-to-length plate (CTL plate) from the Republic of Korea (Korea) during the period of review (POR) January 1, 2024, through December 31, 2024. In addition, Commerce is rescinding this review with respect to 54 companies. Interested parties are invited to comment on these preliminary results of review."
FEDERAL_REGISTER,FR-2026-16014,Forged Steel Fittings From Taiwan: Final Results of Antidumping Duty Administrative Review; 2023-2024,Commerce,2026-08-06,Notice,https://www.federalregister.gov/documents/2026/08/06/2026-16014/forged-steel-fittings-from-taiwan-final-results-of-antidumping-duty-administrative-review-2023-2024,"The U.S. Department of Commerce (Commerce) determines that Both-Well Steel Fittings Co., Ltd. (Both-Well), made sales of subject merchandise at less than normal value (NV) during the period of review (POR), September 1, 2023, through August 31, 2024."
FEDERAL_REGISTER,FR-2026-16012,"Silicomanganese From India: Preliminary Results and Rescission, in Part, of Antidumping Duty Administrative Review; 2024-2025",Commerce,2026-08-06,Notice,https://www.federalregister.gov/documents/2026/08/06/2026-16012/silicomanganese-from-india-preliminary-results-and-rescission-in-part-of-antidumping-duty,"The U.S. Department of Commerce (Commerce) preliminarily determines that producers/exporters subject to this review did not make sales of subject merchandise at less than normal value (NV) during the period of review (POR), May 1, 2024, through April 30, 2025. In addition, we are rescinding the review with respect to two companies. Interested parties are invited to comment on these preliminary results of review."
FEDERAL_REGISTER,FR-2026-16009,Polyethylene Terephthalate Resin From the Sultanate of Oman: Preliminary Results of Antidumping Duty Administrative Review; 2024-2025,Commerce,2026-08-06,Notice,https://www.federalregister.gov/documents/2026/08/06/2026-16009/polyethylene-terephthalate-resin-from-the-sultanate-of-oman-preliminary-results-of-antidumping-duty,"The U.S. Department of Commerce (Commerce) preliminarily determines that OCTAL SAOC FZC (OCTAL), the mandatory respondent in this administrative review of the antidumping duty (AD) order on polyethylene terephthalate resin (PET resin) from the Sultanate of Oman (Oman), did not sell subject merchandise at less than normal value (NV) during the period of review (POR) May 1, 2024, through April 30, 2025. Interested parties are invited to comment on the preliminary results of this administrative review."
FEDERAL_REGISTER,FR-2026-16008,Non-Refillable Steel Cylinders From the People's Republic of China: Preliminary Results and Partial Rescission of the Antidumping Duty Administrative Review; 2024-2025,Commerce,2026-08-06,Notice,https://www.federalregister.gov/documents/2026/08/06/2026-16008/non-refillable-steel-cylinders-from-the-peoples-republic-of-china-preliminary-results-and-partial,"The U.S. Department of Commerce (Commerce) preliminarily determines that certain exporters made sales of non-refillable steel cylinders (non-refillable cylinders) at less than normal value (NV) during the period of review (POR) May 1, 2024, through April 30, 2025."
FEDERAL_REGISTER,FR-2026-16007,"Certain Carbon and Alloy Steel Cut-To-Length Plate From Belgium: Preliminary Results, Preliminary Determination of No Shipments, and Rescission, in Part, of Antidumping Duty Administrative Review; 2024-2025",Commerce,2026-08-06,Notice,https://www.federalregister.gov/documents/2026/08/06/2026-16007/certain-carbon-and-alloy-steel-cut-to-length-plate-from-belgium-preliminary-results-preliminary,"The U.S. Department of Commerce (Commerce) preliminarily determines that sales of certain carbon and alloy steel cut-to-length plate (CTL plate) were made at less than normal value (NV) during the period of review (POR), May 1, 2024, through April 30, 2025. In addition, we are making a preliminary determination of no shipments by NLMK Clabecq S.A., NLMK Plate Sales S.A., NLMK Sales Europe S.A., NLMK Manage Steel Center S.A., and NLMK La Louviere S.A. (collectively, NLMK Belgium), and rescinding the review for one company. Interested parties are invited to comment on these preliminary results of review."
FEDERAL_REGISTER,FR-2026-16006,"Certain Stainless Steel Plate in Coils From Taiwan: Preliminary Results and Rescission, in Part, of Antidumping Duty Administrative Review; 2024-2025",Commerce,2026-08-06,Notice,https://www.federalregister.gov/documents/2026/08/06/2026-16006/certain-stainless-steel-plate-in-coils-from-taiwan-preliminary-results-and-rescission-in-part-of,"The U.S. Department of Commerce (Commerce) preliminarily finds that Yuan Long Stainless Steel Corporation (Yuan Long) sold certain stainless steel plate in coils (SSPC) from Taiwan at less than normal value (NV) during the period of review (POR) May 1, 2024, through April 30, 2025. Commerce is rescinding this review, in part, with respect to 71 companies. We invite interested parties to comment on these preliminary results."
FEDERAL_REGISTER,FR-2026-16005,"Certain Carbon and Alloy Steel Cut-To-Length Plate From Italy: Preliminary Results and Rescission, in Part, of Antidumping Duty Administrative Review; 2024-2025",Commerce,2026-08-06,Notice,https://www.federalregister.gov/documents/2026/08/06/2026-16005/certain-carbon-and-alloy-steel-cut-to-length-plate-from-italy-preliminary-results-and-rescission-in,"The U.S. Department of Commerce (Commerce) preliminarily determines that Metinvest Trametal S.p.A. (MTS) and NLMK Verona S.p.A. (NVR) made sales of certain carbon and alloy steel cut-to-length plate (CTL plate) from Italy at less than normal value (NV) during the period of review (POR), May 1, 2024, through April 30, 2025. Additionally, Commerce is rescinding this review, in part, with respect to three companies. Interested parties are invited to comment on these preliminary results of review."
FEDERAL_REGISTER,FR-2026-16003,Certain Softwood Lumber Products From Canada: Notice of Amended Final Results of Countervailing Duty Expedited Review; Notice of Reinstatement of Countervailing Duty Order,Commerce,2026-08-06,Notice,https://www.federalregister.gov/documents/2026/08/06/2026-16003/certain-softwood-lumber-products-from-canada-notice-of-amended-final-results-of-countervailing-duty,"On July 21, 2026, the U.S. Court of International Trade (CIT) issued its final judgment in Committee Overseeing Action for Lumber International Trade Investigations or Negotiations, et al. v. United States, et al., Consol. Court No. 19-00122 (Slip Op. 26-77) (CIT 2026) sustaining the U.S. Department of Commerce's (Commerce) final results of remand redetermination (remand redetermination), concerning the countervailing duty (CVD) order on certain softwood lumber products (softwood lumber) from Canada. In particular, the CIT sustained Commerce's remand redetermination calculating a 1.05 percent ad valorem subsidy rate for Les Produits Forestiers D&G Lt[eacute]e (D&G) and its cross-owned company Les Produits Forestiers Portbec Lt[eacute]e (Portbec). Because D&G/Portbec's rate is now above de minimis, subject merchandise produced and exported by D&G/Portbec is included within the CVD order on softwood lumber from Canada."
FEDERAL_REGISTER,FR-2026-16002,Oil Country Tubular Goods From the Republic of Türkiye: Final Results of Countervailing Duty Administrative Review; 2023,Commerce,2026-08-06,Notice,https://www.federalregister.gov/documents/2026/08/06/2026-16002/oil-country-tubular-goods-from-the-republic-of-trkiye-final-results-of-countervailing-duty,"The U.S. Department of Commerce (Commerce) determines that countervailable subsidies were provided to producers and exporters of certain oil country tubular goods (OCTG) from the Republic of T[uuml]rkiye (T[uuml]rkiye) during the period of review (POR) January 1, 2023, through December 31, 2023."
FEDERAL_REGISTER,FR-2026-16000,"Foreign-Trade Zone (FTZ) 45, Notification of Proposed Production Activity; Ascentec Engineering, LLC; (Semiconductor Equipment Precision Parts, Assemblies, and Production Kits); Tualatin and Dallas, Oregon",Commerce,2026-08-06,Notice,https://www.federalregister.gov/documents/2026/08/06/2026-16000/foreign-trade-zone-ftz-45-notification-of-proposed-production-activity-ascentec-engineering-llc,
FEDERAL_REGISTER,FR-2026-15999,"Foreign-Trade Zone (FTZ) 39, Notification of Proposed Production Activity; Abbott Laboratories; (Diagnostic Medical Devices); Irving, Texas",Commerce,2026-08-06,Notice,https://www.federalregister.gov/documents/2026/08/06/2026-15999/foreign-trade-zone-ftz-39-notification-of-proposed-production-activity-abbott-laboratories,
FEDERAL_REGISTER,FR-2026-15997,Certain Steel Nails From the United Arab Emirates: Preliminary Results and Partial Rescission of Antidumping Duty Administrative Review; 2024-2025,Commerce,2026-08-06,Notice,https://www.federalregister.gov/documents/2026/08/06/2026-15997/certain-steel-nails-from-the-united-arab-emirates-preliminary-results-and-partial-rescission-of,"The U.S. Department of Commerce (Commerce) preliminarily finds that sales of certain steel nails (steel nails) from the United Arab Emirates (UAE) were made at less than normal value (NV). The period of review (POR) is May 1, 2024, through April 30, 2025. Additionally, Commerce is rescinding this administrative review, in part, with respect to 18 companies that had no entries of the subject merchandise during the POR. We invite interested parties to comment on these preliminary results."
FEDERAL_REGISTER,FR-2026-15993,Certain Preserved Mushrooms From the Netherlands: Preliminary Intent To Rescind Antidumping Duty Administrative Review; 2024-2025,Commerce,2026-08-06,Notice,https://www.federalregister.gov/documents/2026/08/06/2026-15993/certain-preserved-mushrooms-from-the-netherlands-preliminary-intent-to-rescind-antidumping-duty,"The U.S. Department of Commerce (Commerce) preliminarily determines that Okechamp B.V. (Okechamp) did not make bona fide sales during the period of review (POR), May 1, 2024, through April 30, 2025. Interested parties are invited to comment on these preliminary results of review. Accordingly, Commerce preliminary intends to rescind this review with respect to the sole respondent, Okechamp. We invite interested parties to comment on these preliminary results."
FEDERAL_REGISTER,FR-2026-15990,Frozen Warmwater Shrimp From Ecuador: Final Results of Countervailing Duty Expedited Review,Commerce,2026-08-06,Notice,https://www.federalregister.gov/documents/2026/08/06/2026-15990/frozen-warmwater-shrimp-from-ecuador-final-results-of-countervailing-duty-expedited-review,"The U.S. Department of Commerce (Commerce) determines that certain producers/exporters of frozen warmwater shrimp from Ecuador received countervailable subsidies during the period of review (POR) January 1, 2022, through December 31, 2022."
FEDERAL_REGISTER,FR-2026-15989,Fisheries of the Exclusive Economic Zone Off Alaska; Commercial Salmon Fishing in the Cook Inlet EEZ Area,Commerce,2026-08-06,Rule,https://www.federalregister.gov/documents/2026/08/06/2026-15989/fisheries-of-the-exclusive-economic-zone-off-alaska-commercial-salmon-fishing-in-the-cook-inlet-eez,NMFS is prohibiting commercial fishing for salmon in the Cook Inlet exclusive economic zone (EEZ) Area. This action is necessary to prevent exceeding the 2026 total allowable catch (TAC) of the aggregate coho salmon stock complex in the Cook Inlet EEZ Area.
FEDERAL_REGISTER,FR-2026-15987,"Takes of Marine Mammals Incidental to Specified Activities; Taking Marine Mammals Incidental to U.S. Coast Guard Fast Response Cutter Homeporting in Sitka, Alaska",Commerce,2026-08-06,Notice,https://www.federalregister.gov/documents/2026/08/06/2026-15987/takes-of-marine-mammals-incidental-to-specified-activities-taking-marine-mammals-incidental-to-us,"In accordance with regulations implementing the Marine Mammal Protection Act (MMPA) as amended, notification is hereby given that NMFS has issued a modified incidental harassment authorization (IHA) to the U.S. Coast Guard (USCG) for authorization to take marine mammals incidental to construction activities associated with fast response cutter (FRC) homeporting in Sitka, Alaska."
FEDERAL_REGISTER,FR-2026-15979,Combined Notice of Filings #1,DOE,2026-08-06,Notice,https://www.federalregister.gov/documents/2026/08/06/2026-15979/combined-notice-of-filings-1,
FEDERAL_REGISTER,FR-2026-15977,Notice of Effectiveness of Exempt Wholesale Generator and Foreign Utility Company Status,DOE,2026-08-06,Notice,https://www.federalregister.gov/documents/2026/08/06/2026-15977/notice-of-effectiveness-of-exempt-wholesale-generator-and-foreign-utility-company-status,
FEDERAL_REGISTER,FR-2026-15976,Combined Notice of Filings,DOE,2026-08-06,Notice,https://www.federalregister.gov/documents/2026/08/06/2026-15976/combined-notice-of-filings,
FEDERAL_REGISTER,FR-2026-15962,"NuFuels, Inc.; Establishment of Atomic Safety and Licensing Board",NRC,2026-08-06,Notice,https://www.federalregister.gov/documents/2026/08/06/2026-15962/nufuels-inc-establishment-of-atomic-safety-and-licensing-board,
FEDERAL_REGISTER,FR-2026-15961,"Request for Public Comments on the Proposed Implementation of Duties on Additional Aluminum, Steel, and Copper Derivative Articles Under Section 232",Commerce,2026-08-06,Notice,https://www.federalregister.gov/documents/2026/08/06/2026-15961/request-for-public-comments-on-the-proposed-implementation-of-duties-on-additional-aluminum-steel,"This notice requests public comments on a proposal to include 14 additional derivative articles within the scope of the Section 232 duties on steel, aluminum, and copper: aluminum powder; brass-wind musical instruments and their parts and accessories; parts of welding machines and apparatus; floor safes; certain electric conductor cables; fire extinguishers; parts of heat exchange units; parts of certain hydraulic engines and motors; certain self-propelled cranes, mobile lifting frames, and straddle carriers; tanker trailers and semi- trailers; self-loading or self-unloading trailers and semi-trailers for agricultural purposes; certain other trailers and semi-trailers; and certain filled steel containers."
FEDERAL_REGISTER,FR-2026-15957,Agency Information Collection Activities; Submission to the Office of Management and Budget (OMB) for Review and Approval; Comment Request; West Coast Region Vessel Monitoring Requirement in the Pacific Coast Groundfish Fishery,Commerce,2026-08-06,Notice,https://www.federalregister.gov/documents/2026/08/06/2026-15957/agency-information-collection-activities-submission-to-the-office-of-management-and-budget-omb-for,"The Department of Commerce, in accordance with the Paperwork Reduction Act of 1995 (PRA), invites the general public and other Federal agencies to comment on proposed, and continuing information collections, which helps us assess the impact of our information collection requirements and minimize the public's reporting burden. The purpose of this notice is to allow for 60 days of public comment preceding submission of the collection to OMB."
FEDERAL_REGISTER,FR-2026-15956,Agency Information Collection Activities; Submission to the Office of Management and Budget (OMB) for Review and Approval; Comment Request; Papahānaumokuākea Marine National Monument and National Marine Sanctuary Permit Application and Reports for Permits,Commerce,2026-08-06,Notice,https://www.federalregister.gov/documents/2026/08/06/2026-15956/agency-information-collection-activities-submission-to-the-office-of-management-and-budget-omb-for,"The Department of Commerce, in accordance with the Paperwork Reduction Act of 1995 (PRA), invites the general public and other Federal agencies to comment on proposed, and continuing information collections, which helps us assess the impact of our information collection requirements and minimize the public's reporting burden. The purpose of this notice is to allow for 60 days of public comment preceding submission of the collection to the Office of Management and Budget (OMB)."
FEDERAL_REGISTER,FR-2026-15937,"Foreign-Trade Zone (FTZ) 18, Notification of Proposed Production Activity; Western Digital Technologies, Inc.; (Semiconductor Die); San Jose and Fremont California",Commerce,2026-08-06,Notice,https://www.federalregister.gov/documents/2026/08/06/2026-15937/foreign-trade-zone-ftz-18-notification-of-proposed-production-activity-western-digital-technologies,
FEDERAL_REGISTER,FR-2026-15918,Marine Mammals; File No. 29817,Commerce,2026-08-06,Notice,https://www.federalregister.gov/documents/2026/08/06/2026-15918/marine-mammals-file-no-29817,"Notice is hereby given that the NMFS Alaska Fisheries Science Center, Marine Mammal Laboratory, 7600 Sand Point Way NE, Seattle, WA 98115 (Responsible Party: Nancy Friday, Ph.D.), has applied in due form for a permit to conduct research on marine mammals."
FEDERAL_REGISTER,FR-2026-15917,Marine Mammals; File No. 29707,Commerce,2026-08-06,Notice,https://www.federalregister.gov/documents/2026/08/06/2026-15917/marine-mammals-file-no-29707,"Notice is hereby given that the Center for Coastal Studies, 5 Holway Avenue, Provincetown, MA 02657, (Responsible Party: Anne-Marie Runfola), has applied in due form for a permit to conduct research on marine mammals."
FEDERAL_REGISTER,FR-2026-15915,Magnuson-Stevens Act Provisions; General Provisions for Domestic Fisheries; Application for Exempted Fishing Permits,Commerce,2026-08-05,Notice,https://www.federalregister.gov/documents/2026/08/05/2026-15915/magnuson-stevens-act-provisions-general-provisions-for-domestic-fisheries-application-for-exempted,"The Assistant Regional Administrator for Sustainable Fisheries, Greater Atlantic Region, NMFS, has made a preliminary determination that an Exempted Fishing Permit (EFP) application contains all of the required information and warrants further consideration. The EFP would allow federally permitted fishing vessels to fish outside fishery regulations in support of exempted fishing activities proposed by Atlantic Capes Fisheries, Inc. Regulations under the Magnuson-Stevens Fishery Conservation and Management Act require publication of this notification to provide interested parties the opportunity to comment on applications for proposed EFPs."
FEDERAL_REGISTER,FR-2026-15911,Fisheries of the Exclusive Economic Zone Off Alaska; Bering Sea and Aleutian Islands Management Area; Cost Recovery Fee Notice for the Pacific Cod Trawl Cooperative Program,Commerce,2026-08-05,Notice,https://www.federalregister.gov/documents/2026/08/05/2026-15911/fisheries-of-the-exclusive-economic-zone-off-alaska-bering-sea-and-aleutian-islands-management-area,"NMFS publishes the fee percentage for cost recovery for the Pacific Cod Trawl Cooperative (PCTC) Program. The fee percentage for 2026 is 2.09 percent. This notice is intended to provide the 2026 fee percentage to calculate the required payment for cost recovery fees due by August 31, 2026."
FEDERAL_REGISTER,FR-2026-15898,Western Pacific Fishery Management Council; Public Meetings,Commerce,2026-08-05,Notice,https://www.federalregister.gov/documents/2026/08/05/2026-15898/western-pacific-fishery-management-council-public-meetings,The Western Pacific Fishery Management Council (Council) will hold its Mariana Archipelago Fishery Ecosystem Plan (FEP) Guam Advisory Panel (AP) to discuss and make recommendations on fishery management issues in the Western Pacific Region.
FEDERAL_REGISTER,FR-2026-15890,"Certain Fatty Acids From Indonesia: Preliminary Determination of Critical Circumstances, in Part, in the Countervailing Duty Investigation",Commerce,2026-08-05,Notice,https://www.federalregister.gov/documents/2026/08/05/2026-15890/certain-fatty-acids-from-indonesia-preliminary-determination-of-critical-circumstances-in-part-in,"The U.S. Department of Commerce (Commerce) determines that critical circumstances exist, in part, with respect to imports of certain fatty acids (fatty acids) from Indonesia. The period of investigation is January 1, 2025, through December 31, 2025."
FEDERAL_REGISTER,FR-2026-15889,"Environmental Management Site-Specific Advisory Board, Savannah River Site",DOE,2026-08-05,Notice,https://www.federalregister.gov/documents/2026/08/05/2026-15889/environmental-management-site-specific-advisory-board-savannah-river-site,"This notice announces an in-person/livestreamed meeting of the Environmental Management Site-Specific Advisory Board (EM SSAB), Savannah River Site. The Federal Advisory Committee Act requires that public notice of this meeting be announced in the Federal Register."
USASPENDING,USA-CONT_AWD_1333MF26P0090_1330_-NONE-_-NONE-,"PRECISION MACHINERY & TOOLING, LLC - DEVELOPMENT OF A LEATHERBACK ANCHOR DEPLOYMENT DEVICE (LADD)",Commerce,2026-08-08 13:00:53,PURCHASE ORDER,https://www.usaspending.gov/award/CONT_AWD_1333MF26P0090_1330_-NONE-_-NONE-,DEVELOPMENT OF A LEATHERBACK ANCHOR DEPLOYMENT DEVICE (LADD)
USASPENDING,USA-CONT_AWD_13TECH26F0057_1323_NNG15SC92B_8000,"THUNDERCAT TECHNOLOGY, LLC - THIS CONTRACT IS FOR THE X-MEDIUS E-FAX SOLUTION. IT PACT 26-557  DBIT 125091",Commerce,2026-08-07 22:48:57,DELIVERY ORDER,https://www.usaspending.gov/award/CONT_AWD_13TECH26F0057_1323_NNG15SC92B_8000,THIS CONTRACT IS FOR THE X-MEDIUS E-FAX SOLUTION. IT PACT 26-557  DBIT 125091
USASPENDING,USA-CONT_AWD_1331L526F13OS1202_1301_1331L523D13ES0020_1301,FLATWATER SOLUTIONS COMPANY - FURNITURE,Commerce,2026-08-07 19:11:46,DELIVERY ORDER,https://www.usaspending.gov/award/CONT_AWD_1331L526F13OS1202_1301_1331L523D13ES0020_1301,FURNITURE
USASPENDING,USA-CONT_AWD_89233126FNA400799_8900_GS00F0004U_4730,"VECTOR RESOURCE INC - PRO TECH AND MANAGEMENT SUPPORT SERVICES, DEFENSE PROGRAMS UNDER THE TEPS III BPA",DOE,2026-08-07 18:30:23,DELIVERY ORDER,https://www.usaspending.gov/award/CONT_AWD_89233126FNA400799_8900_GS00F0004U_4730,"PRO TECH AND MANAGEMENT SUPPORT SERVICES, DEFENSE PROGRAMS UNDER THE TEPS III BPA"
USASPENDING,USA-CONT_AWD_1305M325C0041_1330_-NONE-_-NONE-,PACIFIC STATES MARINE FISHERIES COMMISSION - IN SUPPORT OF WEST COAST FISHERIES MANAGEMENT ASSOCIATED WITH THE GROUNDFISH TRAWL RATIONALIZATION PROGRAM (WHICH INCLUDES THE SHOREBASED INDIVIDUAL FISHING QUOTA (IFQ) PROGRAM) THAT NMFS IMPLEMENTED IN 2011 AS WELL AS ACTIVITIES THAT SUPPORT OTHER F,Commerce,2026-08-07 18:08:43,DEFINITIVE CONTRACT,https://www.usaspending.gov/award/CONT_AWD_1305M325C0041_1330_-NONE-_-NONE-,IN SUPPORT OF WEST COAST FISHERIES MANAGEMENT ASSOCIATED WITH THE GROUNDFISH TRAWL RATIONALIZATION PROGRAM (WHICH INCLUDES THE SHOREBASED INDIVIDUAL FISHING QUOTA (IFQ) PROGRAM) THAT NMFS IMPLEMENTED IN 2011 AS WELL AS ACTIVITIES THAT SUPPORT OTHER F
USASPENDING,USA-CONT_AWD_1331L526F0337_1301_1331L521A13ES0040_1301,"DISYS SOLUTIONS, INC. - SMARTNET",Commerce,2026-08-07 17:35:34,BPA CALL,https://www.usaspending.gov/award/CONT_AWD_1331L526F0337_1301_1331L521A13ES0040_1301,SMARTNET
USASPENDING,USA-CONT_AWD_89603025F0071_8960_NNG15SC46B_8000,RED RIVER TECHNOLOGY LLC - WIRELESS UPGRADE SERVICES,DOE,2026-08-07 17:35:32,DELIVERY ORDER,https://www.usaspending.gov/award/CONT_AWD_89603025F0071_8960_NNG15SC46B_8000,WIRELESS UPGRADE SERVICES
USASPENDING,USA-CONT_AWD_1331L526F13OS0435_1301_1331L526A13OS0009_1301,"TRIDENT TECHNICAL SOLUTIONS, LLC - STAFFING SUPPORT",Commerce,2026-08-07 17:22:18,BPA CALL,https://www.usaspending.gov/award/CONT_AWD_1331L526F13OS0435_1301_1331L526A13OS0009_1301,STAFFING SUPPORT
USASPENDING,USA-CONT_AWD_89303022FEI400123_8900_75N98118D00059_7529,"CONVISO-V LLC - THE U.S. ENERGY INFORMATION ADMINISTRATION (EIA), OFFICE OF RESOURCES & TECHNOLOGY MANAGEMENT (ORTM), OFFICE OF INFORMATION TECHNOLOGY (OIT) REQUIRES SYSTEM ADMINISTRATOR SUPPORT SERVICES (SASS).",DOE,2026-08-07 17:20:37,DELIVERY ORDER,https://www.usaspending.gov/award/CONT_AWD_89303022FEI400123_8900_75N98118D00059_7529,"THE U.S. ENERGY INFORMATION ADMINISTRATION (EIA), OFFICE OF RESOURCES & TECHNOLOGY MANAGEMENT (ORTM), OFFICE OF INFORMATION TECHNOLOGY (OIT) REQUIRES SYSTEM ADMINISTRATOR SUPPORT SERVICES (SASS)."
USASPENDING,USA-CONT_AWD_1331L526FNB180187_1341_1331L523A13ES0062_1301,"CSP ENTERPRISES, LLC - PCS AND ACCESSORIES ORDER.",Commerce,2026-08-07 17:04:52,BPA CALL,https://www.usaspending.gov/award/CONT_AWD_1331L526FNB180187_1341_1331L523A13ES0062_1301,PCS AND ACCESSORIES ORDER.
USASPENDING,USA-CONT_AWD_1331L521F13OS0584_1301_47QSWA20D00AG_4732,"FEDERAL SECURITY SYSTEMS, INC. - LOCKSMITH SERVICES",Commerce,2026-08-07 16:57:14,DELIVERY ORDER,https://www.usaspending.gov/award/CONT_AWD_1331L521F13OS0584_1301_47QSWA20D00AG_4732,LOCKSMITH SERVICES
USASPENDING,USA-CONT_AWD_89303023FMA400733_8900_89303020DMA000012_8900,"EMCOR GOVERNMENT SERVICES, INC - REQUISITION 23MA000767 WAS ISSUED TO PROVIDE PM TO FITNESS CENTER EQUIPMENT IN FORS & GTN: -MAINTENANCE OF FITNESS EQUIPMENT AT FORS - (9) VISITS FOR $967.46 PER VISIT FOR A TOTAL COST OF $8,707.14. THE PERIOD OF PERFORMANCE FOR THIS SERVICE IS",DOE,2026-08-07 16:50:15,DELIVERY ORDER,https://www.usaspending.gov/award/CONT_AWD_89303023FMA400733_8900_89303020DMA000012_8900,"REQUISITION 23MA000767 WAS ISSUED TO PROVIDE PM TO FITNESS CENTER EQUIPMENT IN FORS & GTN: -MAINTENANCE OF FITNESS EQUIPMENT AT FORS - (9) VISITS FOR $967.46 PER VISIT FOR A TOTAL COST OF $8,707.14. THE PERIOD OF PERFORMANCE FOR THIS SERVICE IS"
USASPENDING,USA-CONT_AWD_1331L526F13OS0433_1301_1331L526A13OS0009_1301,"TRIDENT TECHNICAL SOLUTIONS, LLC - STAFFING SUPPORT",Commerce,2026-08-07 16:40:49,BPA CALL,https://www.usaspending.gov/award/CONT_AWD_1331L526F13OS0433_1301_1331L526A13OS0009_1301,STAFFING SUPPORT
USASPENDING,USA-CONT_AWD_DEAC2708RV14800_8900_-NONE-_-NONE-,WASHINGTON RIVER PROTECTION SOLUTIONS LLC - MANAGEMENT OF THE HANFORD SITE TANK FARMS,DOE,2026-08-07 16:40:23,DEFINITIVE CONTRACT,https://www.usaspending.gov/award/CONT_AWD_DEAC2708RV14800_8900_-NONE-_-NONE-,MANAGEMENT OF THE HANFORD SITE TANK FARMS
USASPENDING,USA-CONT_AWD_89503126FWA000138_8900_89503426AWA000012_8900,"MSS SERVICES, INC. - MEAD SUBSTATION CAMERA LIFECYCLE REPLACEMENT PROJECT - INSPECTION SERVICES FOR PURCHASE REQUEST 26WA162083",DOE,2026-08-07 16:24:13,BPA CALL,https://www.usaspending.gov/award/CONT_AWD_89503126FWA000138_8900_89503426AWA000012_8900,MEAD SUBSTATION CAMERA LIFECYCLE REPLACEMENT PROJECT - INSPECTION SERVICES FOR PURCHASE REQUEST 26WA162083
USASPENDING,USA-CONT_AWD_DOCSB134112SU0835_1341_-NONE-_-NONE-,AIRGAS USA LLC - 1000L HIGH PRESSURE MICROBULK ARGON TANK AND TELEMETRY SYSTEM RENTAL AND SUPPLY OF LIQUID ARGON,Commerce,2026-08-07 15:59:01,PURCHASE ORDER,https://www.usaspending.gov/award/CONT_AWD_DOCSB134112SU0835_1341_-NONE-_-NONE-,1000L HIGH PRESSURE MICROBULK ARGON TANK AND TELEMETRY SYSTEM RENTAL AND SUPPLY OF LIQUID ARGON
USASPENDING,USA-CONT_AWD_HC101326FB654_9700_HC101322D0005_9700,TRACE SYSTEMS INC. - EMCC002763EBM ENHANCED MOBILE SATELLITE SERVICES (EMSS) EQUIPMENT/ACTIVATION/REPAIR,DoD,2026-08-07 15:57:03,DELIVERY ORDER,https://www.usaspending.gov/award/CONT_AWD_HC101326FB654_9700_HC101322D0005_9700,EMCC002763EBM ENHANCED MOBILE SATELLITE SERVICES (EMSS) EQUIPMENT/ACTIVATION/REPAIR
USASPENDING,USA-CONT_AWD_1331L526F13OS0377_1301_1331L522A13OS1004_1301,"PROFESSIONAL AND SCIENTIFIC ASSOCIATES, INC. - PSA 1412- BEST PRACTICES IN THE PUBLIC PROCUREMENT LIFECYCLE",Commerce,2026-08-07 15:54:30,BPA CALL,https://www.usaspending.gov/award/CONT_AWD_1331L526F13OS0377_1301_1331L522A13OS1004_1301,PSA 1412- BEST PRACTICES IN THE PUBLIC PROCUREMENT LIFECYCLE
USASPENDING,USA-CONT_AWD_1331L526F13OS0432_1301_1331L526A13OS0009_1301,"TRIDENT TECHNICAL SOLUTIONS, LLC - STAFFING SUPPORT",Commerce,2026-08-07 15:48:19,BPA CALL,https://www.usaspending.gov/award/CONT_AWD_1331L526F13OS0432_1301_1331L526A13OS0009_1301,STAFFING SUPPORT
USASPENDING,USA-CONT_AWD_1333MJ26F0011_1330_NNG15SC23B_8000,ACCESSAGILITY LLC - JAMF PSL LICENSES,Commerce,2026-08-07 15:46:40,DELIVERY ORDER,https://www.usaspending.gov/award/CONT_AWD_1333MJ26F0011_1330_NNG15SC23B_8000,JAMF PSL LICENSES
USASPENDING,USA-CONT_AWD_1331L526F13OS0024_1301_1331L522A13OS0004_1301,"PROFESSIONAL AND SCIENTIFIC ASSOCIATES, INC. - PSA CALL 1176 - CENTRAL ASIA TRANSLATION / INTERPRETATION 2026",Commerce,2026-08-07 15:33:09,BPA CALL,https://www.usaspending.gov/award/CONT_AWD_1331L526F13OS0024_1301_1331L522A13OS0004_1301,PSA CALL 1176 - CENTRAL ASIA TRANSLATION / INTERPRETATION 2026
USASPENDING,USA-CONT_AWD_1305M226P0207_1330_-NONE-_-NONE-,VAISALA INC. - VAISALA REPLACEMENT REPAIR PARTS FOR NLSC,Commerce,2026-08-07 15:26:50,PURCHASE ORDER,https://www.usaspending.gov/award/CONT_AWD_1305M226P0207_1330_-NONE-_-NONE-,VAISALA REPLACEMENT REPAIR PARTS FOR NLSC
USASPENDING,USA-CONT_AWD_1305M226F0355_1330_GS07F0528V_4730,FLUKE ELECTRONICS CORP - FLUKE PURE GAS PISTON CYLINDER FOR THE STERLING FIELD SUPPORT CENTER (SFSC),Commerce,2026-08-07 15:26:40,DELIVERY ORDER,https://www.usaspending.gov/award/CONT_AWD_1305M226F0355_1330_GS07F0528V_4730,FLUKE PURE GAS PISTON CYLINDER FOR THE STERLING FIELD SUPPORT CENTER (SFSC)
USASPENDING,USA-CONT_AWD_1305M226F0369_1330_1305M223DNMAN0015_1330,MACGREGOR USA INC - ANNUAL GEAR TRIALS FOR TRAWL GEAR CERTIFICATION SHIP HENRY BIGELOW OMAO-EXMPT-26-334,Commerce,2026-08-07 15:22:46,DELIVERY ORDER,https://www.usaspending.gov/award/CONT_AWD_1305M226F0369_1330_1305M223DNMAN0015_1330,ANNUAL GEAR TRIALS FOR TRAWL GEAR CERTIFICATION SHIP HENRY BIGELOW OMAO-EXMPT-26-334
USASPENDING,USA-CONT_AWD_1333BJ26F00054003_1344_1333BJ23A00050001_1344,"TSRC, INC. - TONER DELIVERY SERVICE",Commerce,2026-08-07 15:22:14,BPA CALL,https://www.usaspending.gov/award/CONT_AWD_1333BJ26F00054003_1344_1333BJ23A00050001_1344,TONER DELIVERY SERVICE
USASPENDING,USA-CONT_AWD_1331L526F13500430_1301_1331L526A13OS0009_1301,"TRIDENT TECHNICAL SOLUTIONS, LLC - STAFFING SUPPORT",Commerce,2026-08-07 15:15:41,BPA CALL,https://www.usaspending.gov/award/CONT_AWD_1331L526F13500430_1301_1331L526A13OS0009_1301,STAFFING SUPPORT
USASPENDING,USA-CONT_AWD_1331L525F0410_1301_NNG15SD42B_8000,ARCHITECHTURE SOLUTIONS LLC - QUALTRICS SUBSCRIPTION FOR BASE + 4 OPTION YEARS,Commerce,2026-08-07 15:13:54,DELIVERY ORDER,https://www.usaspending.gov/award/CONT_AWD_1331L525F0410_1301_NNG15SD42B_8000,QUALTRICS SUBSCRIPTION FOR BASE + 4 OPTION YEARS
USASPENDING,USA-CONT_AWD_1331L526F13OS0102_1301_1331L522A13OS1004_1301,"PROFESSIONAL AND SCIENTIFIC ASSOCIATES, INC. - PSA CALL 1193 - J193 MOROCCO ADR COMMERCIAL MEDIATION RABAT CONSULTATIONS MOR MAR26",Commerce,2026-08-07 15:10:46,BPA CALL,https://www.usaspending.gov/award/CONT_AWD_1331L526F13OS0102_1301_1331L522A13OS1004_1301,PSA CALL 1193 - J193 MOROCCO ADR COMMERCIAL MEDIATION RABAT CONSULTATIONS MOR MAR26
USASPENDING,USA-CONT_AWD_1305M224F0065_1330_DOCEA133W17CQ0082_1330,RAYTHEON COMPANY - IGF CT IGF OPERATIONS AND MAINTENANCE (O&M) O&M IT SECURITY SUPPORT PRODUCT IMPROVEMENT AND COMMUNICATIONS SERVICES FOR THE NATIONAL OCEANIC AND ATMOSPHERIC ADMINISTRATIONS (NOAAS) NATIONAL WEATHER SERVICE (NWS) ADVANCED WEATHER INTERACTIVE,Commerce,2026-08-07 15:05:06,DELIVERY ORDER,https://www.usaspending.gov/award/CONT_AWD_1305M224F0065_1330_DOCEA133W17CQ0082_1330,IGF CT IGF OPERATIONS AND MAINTENANCE (O&M) O&M IT SECURITY SUPPORT PRODUCT IMPROVEMENT AND COMMUNICATIONS SERVICES FOR THE NATIONAL OCEANIC AND ATMOSPHERIC ADMINISTRATIONS (NOAAS) NATIONAL WEATHER SERVICE (NWS) ADVANCED WEATHER INTERACTIVE
USASPENDING,USA-CONT_AWD_89303021FAU400007_8900_GS07F9158S_4730,"INTEGRATED SECURITY TECHNOLOGIES, INC - INTEGRATED SECURITY MANAGEMENT SYSTEM (ISMS) SUPPORT SERVICES",DOE,2026-08-07 15:00:21,DELIVERY ORDER,https://www.usaspending.gov/award/CONT_AWD_89303021FAU400007_8900_GS07F9158S_4730,INTEGRATED SECURITY MANAGEMENT SYSTEM (ISMS) SUPPORT SERVICES
USASPENDING,USA-CONT_AWD_1331L526F13OS0431_1301_1331L526A13OS0009_1301,"TRIDENT TECHNICAL SOLUTIONS, LLC - STAFFING SUPPORT",Commerce,2026-08-07 14:57:36,BPA CALL,https://www.usaspending.gov/award/CONT_AWD_1331L526F13OS0431_1301_1331L526A13OS0009_1301,STAFFING SUPPORT
USASPENDING,USA-CONT_AWD_1333ND26PNB670314_1341_-NONE-_-NONE-,BNC CORP. - OU67-FY26-191-NEW VECTOR SIGNAL GENERATOR,Commerce,2026-08-07 14:49:12,PURCHASE ORDER,https://www.usaspending.gov/award/CONT_AWD_1333ND26PNB670314_1341_-NONE-_-NONE-,OU67-FY26-191-NEW VECTOR SIGNAL GENERATOR
USASPENDING,USA-CONT_AWD_1331L526F13OS0100_1301_1331L522A13OS1004_1301,"PROFESSIONAL AND SCIENTIFIC ASSOCIATES, INC. - PSA CALL 1209 - PUBLIC PROCUREMENT AND PPP SME FEB26",Commerce,2026-08-07 14:47:10,BPA CALL,https://www.usaspending.gov/award/CONT_AWD_1331L526F13OS0100_1301_1331L522A13OS1004_1301,PSA CALL 1209 - PUBLIC PROCUREMENT AND PPP SME FEB26
USASPENDING,USA-CONT_AWD_89503425FWA401689_8900_NNG15SD60B_8000,"ADVANCED COMPUTER CONCEPTS, INC. - FY25 UGP NOKIA SUPPORT SERVICES",DOE,2026-08-07 14:44:21,DELIVERY ORDER,https://www.usaspending.gov/award/CONT_AWD_89503425FWA401689_8900_NNG15SD60B_8000,FY25 UGP NOKIA SUPPORT SERVICES
USASPENDING,USA-CONT_AWD_1331L526F0338_1301_1331L526A13OS0009_1301,"TRIDENT TECHNICAL SOLUTIONS, LLC - STAFFING SUPPORT",Commerce,2026-08-07 14:40:49,BPA CALL,https://www.usaspending.gov/award/CONT_AWD_1331L526F0338_1301_1331L526A13OS0009_1301,STAFFING SUPPORT
USASPENDING,USA-CONT_AWD_1305M324F0093_1330_1305M418DNFFK0011_1330,"A.I.S., INC. - PROTECH TASK ORDER FOR  OCEANS AND CLIMATE BRANCH (OCB) SUPPORT FOR NORTHEAST FISHERIES SCIENCE CENTER (NEFSC).",Commerce,2026-08-07 14:38:08,DELIVERY ORDER,https://www.usaspending.gov/award/CONT_AWD_1305M324F0093_1330_1305M418DNFFK0011_1330,PROTECH TASK ORDER FOR  OCEANS AND CLIMATE BRANCH (OCB) SUPPORT FOR NORTHEAST FISHERIES SCIENCE CENTER (NEFSC).
USASPENDING,USA-CONT_AWD_1305M325F0160_1330_1305M324A0002_1330,CHEROKEE NATION SYSTEM SOLUTIONS LLC - BLANKET PURCHASE AGREEMENT (BPA) 1305M324A0002 FOR IT CLOUD ENGINEERING AND DEVELOPMENT SERVICES (ITCEDS) - CALL ORDER 2 - OAR CLOUD DEVELOPMENT AND GOVERNANCE SUPPORT,Commerce,2026-08-07 14:36:43,BPA CALL,https://www.usaspending.gov/award/CONT_AWD_1305M325F0160_1330_1305M324A0002_1330,BLANKET PURCHASE AGREEMENT (BPA) 1305M324A0002 FOR IT CLOUD ENGINEERING AND DEVELOPMENT SERVICES (ITCEDS) - CALL ORDER 2 - OAR CLOUD DEVELOPMENT AND GOVERNANCE SUPPORT
USASPENDING,USA-CONT_AWD_13ADFL26C0002_1323_-NONE-_-NONE-,"ADD-JET TECHNOLOGIES, LLC - MAINTENANCE SERVICE ON ELEVEN (11) MCS INKJET PRINT HEADS (6 PLATFORMS) INCLUDING PARTS, LABOR AND TRAVEL EXPENSES.",Commerce,2026-08-07 14:31:30,DEFINITIVE CONTRACT,https://www.usaspending.gov/award/CONT_AWD_13ADFL26C0002_1323_-NONE-_-NONE-,"MAINTENANCE SERVICE ON ELEVEN (11) MCS INKJET PRINT HEADS (6 PLATFORMS) INCLUDING PARTS, LABOR AND TRAVEL EXPENSES."
USASPENDING,USA-CONT_AWD_1331L526F13OS0124_1301_1331L522A13OS1004_1301,"PROFESSIONAL AND SCIENTIFIC ASSOCIATES, INC. - PSA 1213 EUROPE/EURASIA SME TECH TRANSFER & U.S. COMMERCIALIZATION",Commerce,2026-08-07 14:30:50,BPA CALL,https://www.usaspending.gov/award/CONT_AWD_1331L526F13OS0124_1301_1331L522A13OS1004_1301,PSA 1213 EUROPE/EURASIA SME TECH TRANSFER & U.S. COMMERCIALIZATION
USASPENDING,USA-CONT_AWD_1331L526P13210038_1301_-NONE-_-NONE-,"INFORMA TECH LLC - IT AND TELECOM - NETWORK: SATELLITE AND RF COMMUNICATIONS PRODUCTS (HW, PERPETUAL LICENSE SOFTWARE)",Commerce,2026-08-07 14:28:25,PURCHASE ORDER,https://www.usaspending.gov/award/CONT_AWD_1331L526P13210038_1301_-NONE-_-NONE-,"IT AND TELECOM - NETWORK: SATELLITE AND RF COMMUNICATIONS PRODUCTS (HW, PERPETUAL LICENSE SOFTWARE)"
USASPENDING,USA-CONT_AWD_1331L526F0329_1301_NNG15SD65B_8000,"BETTER DIRECT, LLC - OPEN-SOURCE COMMERCIAL INTELLIGENCE TOOLS LIKE PITCHBOOK PROVIDE DETAILED DATA ON CORPORATE OWNERSHIP, FINANCING, AND GLOBAL BUSINESS RELATIONSHIPS ESSENTIAL FOR IDENTIFYING FOREIGN INFLUENCE AND MAPPING SUPPLY CHAINS. OICTS AND EA RELY ON THIS INFOR",Commerce,2026-08-07 14:13:00,DELIVERY ORDER,https://www.usaspending.gov/award/CONT_AWD_1331L526F0329_1301_NNG15SD65B_8000,"OPEN-SOURCE COMMERCIAL INTELLIGENCE TOOLS LIKE PITCHBOOK PROVIDE DETAILED DATA ON CORPORATE OWNERSHIP, FINANCING, AND GLOBAL BUSINESS RELATIONSHIPS ESSENTIAL FOR IDENTIFYING FOREIGN INFLUENCE AND MAPPING SUPPLY CHAINS. OICTS AND EA RELY ON THIS INFOR"
USASPENDING,USA-CONT_AWD_89503426FWA401871_8900_89503426DWA000025_8900,HUGHES BROTHERS INC - WAPA UGP: 115 KV AND 230 KV CROSSARM STRUCTURES,DOE,2026-08-07 14:12:10,DELIVERY ORDER,https://www.usaspending.gov/award/CONT_AWD_89503426FWA401871_8900_89503426DWA000025_8900,WAPA UGP: 115 KV AND 230 KV CROSSARM STRUCTURES
USASPENDING,USA-CONT_AWD_89503425FWA401750_8900_89503423DWA000015_8900,HUGHES BROTHERS INC - CROSSARM RESTOCK FOR AR LINES,DOE,2026-08-07 14:11:30,DELIVERY ORDER,https://www.usaspending.gov/award/CONT_AWD_89503425FWA401750_8900_89503423DWA000015_8900,CROSSARM RESTOCK FOR AR LINES
USASPENDING,USA-CONT_AWD_89503426PWA002234_8900_-NONE-_-NONE-,"API GROUP LIFE SAFEY USA LLC - PHILIP O&M FIRE SYSTEM UPGRADE ELECTRICAL PORTION, EO 14398",DOE,2026-08-07 14:11:24,PURCHASE ORDER,https://www.usaspending.gov/award/CONT_AWD_89503426PWA002234_8900_-NONE-_-NONE-,"PHILIP O&M FIRE SYSTEM UPGRADE ELECTRICAL PORTION, EO 14398"
USASPENDING,USA-CONT_AWD_89303025PMA000344_8900_-NONE-_-NONE-,"SCHNEIDER ELECTRIC USA, INC. - CONTINUED MAINTENANCE SERVICE FOR THE EXISTING SCHNEIDER ELECTRIC PME SYSTEM AT HQ GTN, FIRM FIXED PRICE.",DOE,2026-08-07 14:10:52,PURCHASE ORDER,https://www.usaspending.gov/award/CONT_AWD_89303025PMA000344_8900_-NONE-_-NONE-,"CONTINUED MAINTENANCE SERVICE FOR THE EXISTING SCHNEIDER ELECTRIC PME SYSTEM AT HQ GTN, FIRM FIXED PRICE."
USASPENDING,USA-CONT_AWD_89303025CIA000013_8900_-NONE-_-NONE-,"NASH HARBOR SOLUTIONS, LLC - PROFESSIONAL DUE DILIGENCE AND RISK ANALYSIS SERVICES FOR IA-63",DOE,2026-08-07 14:10:41,DEFINITIVE CONTRACT,https://www.usaspending.gov/award/CONT_AWD_89303025CIA000013_8900_-NONE-_-NONE-,PROFESSIONAL DUE DILIGENCE AND RISK ANALYSIS SERVICES FOR IA-63
USASPENDING,USA-CONT_AWD_1333MJ26P0037_1330_-NONE-_-NONE-,M & M AVIATION SERVICES LTD - ATMOSPHERIC RESEARCH SURVEY FLIGHTS WBI AND HIL,Commerce,2026-08-07 14:10:39,PURCHASE ORDER,https://www.usaspending.gov/award/CONT_AWD_1333MJ26P0037_1330_-NONE-_-NONE-,ATMOSPHERIC RESEARCH SURVEY FLIGHTS WBI AND HIL
USASPENDING,USA-CONT_AWD_1305M225F0363_1330_1305M224D0002_1330,"CARDINAL POINT CAPTAINS, INC. - VESSEL AND FIELD RESEARCH OPERATIONS SUPPORT SERVICES (VFROSS) FOR THE NATIONAL OCEAN SERVICE (NOS) OFFICE OF NATIONAL MARINE SANCTUARIES (ONMS)",Commerce,2026-08-07 14:00:41,DELIVERY ORDER,https://www.usaspending.gov/award/CONT_AWD_1305M225F0363_1330_1305M224D0002_1330,VESSEL AND FIELD RESEARCH OPERATIONS SUPPORT SERVICES (VFROSS) FOR THE NATIONAL OCEAN SERVICE (NOS) OFFICE OF NATIONAL MARINE SANCTUARIES (ONMS)
USASPENDING,USA-CONT_AWD_1333BJ24F00000001_1344_1333BJ21D00280002_1344,"HALVIK, LLC - IT SERVICES IN SUPPORT OF DEVELOPMENT, MODERNIZATION, ENHANCEMENT AND OPERATIONS AND MAINTENANCE FOR PATENT CENTER.",Commerce,2026-08-07 13:55:22,DELIVERY ORDER,https://www.usaspending.gov/award/CONT_AWD_1333BJ24F00000001_1344_1333BJ21D00280002_1344,"IT SERVICES IN SUPPORT OF DEVELOPMENT, MODERNIZATION, ENHANCEMENT AND OPERATIONS AND MAINTENANCE FOR PATENT CENTER."
USASPENDING,USA-CONT_AWD_1331L526F13OS1193_1301_47QSHA21D001D_4732,"QUALITY ELEVATOR CO., LLC - ELEVATOR MAINTENANCE SUPPORT SERVICES",Commerce,2026-08-07 13:55:15,DELIVERY ORDER,https://www.usaspending.gov/award/CONT_AWD_1331L526F13OS1193_1301_47QSHA21D001D_4732,ELEVATOR MAINTENANCE SUPPORT SERVICES
USASPENDING,USA-CONT_AWD_1333ND22FNB180284_1341_47QTCB21D0005_4732,GBS SOLUTIONS CORP - LAB AUTOMATION DEVELOPER SERVICES,Commerce,2026-08-07 13:54:27,DELIVERY ORDER,https://www.usaspending.gov/award/CONT_AWD_1333ND22FNB180284_1341_47QTCB21D0005_4732,LAB AUTOMATION DEVELOPER SERVICES
USASPENDING,USA-CONT_AWD_89233125FNA000198_8900_89303024ACF000015_8900,BGRS RELOCATION INC - PCS RELOCATION MARCUS LEA,DOE,2026-08-07 13:50:13,BPA CALL,https://www.usaspending.gov/award/CONT_AWD_89233125FNA000198_8900_89303024ACF000015_8900,PCS RELOCATION MARCUS LEA
USASPENDING,USA-CONT_AWD_1333MG26P0023_1330_-NONE-_-NONE-,"ENCORE GROUP USA LLC - AUDIO VISUAL AND LIVESTREAMING SUPPORT FOR NOAA PUBLIC MEETING TO SUPPORT CA CZM PROGRAM ON AUGUST 10, 2026 IN SANTA MONICA, CA.",Commerce,2026-08-07 13:48:42,PURCHASE ORDER,https://www.usaspending.gov/award/CONT_AWD_1333MG26P0023_1330_-NONE-_-NONE-,"AUDIO VISUAL AND LIVESTREAMING SUPPORT FOR NOAA PUBLIC MEETING TO SUPPORT CA CZM PROGRAM ON AUGUST 10, 2026 IN SANTA MONICA, CA."
USASPENDING,USA-CONT_AWD_89503425FWA401736_8900_89503423DWA000015_8900,HUGHES BROTHERS INC - CROSSARMS TO REPLENISH ND STORES,DOE,2026-08-07 13:45:37,DELIVERY ORDER,https://www.usaspending.gov/award/CONT_AWD_89503425FWA401736_8900_89503423DWA000015_8900,CROSSARMS TO REPLENISH ND STORES
USASPENDING,USA-CONT_AWD_89243326PFE000994_8900_-NONE-_-NONE-,AGILENT TECHNOLOGIES INC - AGILENT LCMS-20464 CROSSLAB SILVER EXTENDED SERVICE AGREEMENT 10/01/2026-09/30/2027,DOE,2026-08-07 13:40:18,PURCHASE ORDER,https://www.usaspending.gov/award/CONT_AWD_89243326PFE000994_8900_-NONE-_-NONE-,AGILENT LCMS-20464 CROSSLAB SILVER EXTENDED SERVICE AGREEMENT 10/01/2026-09/30/2027
USASPENDING,USA-CONT_AWD_1332KP26F0022_1330_1305M423DNEEA0010_1330,"INNOVIM, LLC - FY26 SWO BUSINESS SUPPORT",Commerce,2026-08-07 13:37:18,DELIVERY ORDER,https://www.usaspending.gov/award/CONT_AWD_1332KP26F0022_1330_1305M423DNEEA0010_1330,FY26 SWO BUSINESS SUPPORT
USASPENDING,USA-CONT_AWD_89503425FWA401779_8900_89503423DWA000015_8900,HUGHES BROTHERS INC - SDMO BERESFORD SD AREA STORM REPAIR CROSSARM RESTOCK,DOE,2026-08-07 13:35:14,DELIVERY ORDER,https://www.usaspending.gov/award/CONT_AWD_89503425FWA401779_8900_89503423DWA000015_8900,SDMO BERESFORD SD AREA STORM REPAIR CROSSARM RESTOCK
USASPENDING,USA-CONT_AWD_1305M326F0135_1330_1305M322ANFFK0013_1330,"FONDRIEST ENVIRONMENTAL, INC. - PURCHASE IS FOR MULTIPLE SPARE AND REPLACEMENT PARTS USED TO SUPPORT THE OPERATIONS OF THE CHESAPEAKE BAY INTERPRETIVE BUOY SYSTEM (CBIBS).",Commerce,2026-08-07 13:34:47,BPA CALL,https://www.usaspending.gov/award/CONT_AWD_1305M326F0135_1330_1305M322ANFFK0013_1330,PURCHASE IS FOR MULTIPLE SPARE AND REPLACEMENT PARTS USED TO SUPPORT THE OPERATIONS OF THE CHESAPEAKE BAY INTERPRETIVE BUOY SYSTEM (CBIBS).
USASPENDING,USA-CONT_AWD_1331L525P0010_1301_-NONE-_-NONE-,CITY OF NEW YORK - EZ PASS SUBSCRIPTION RENEWAL,Commerce,2026-08-07 13:23:14,PURCHASE ORDER,https://www.usaspending.gov/award/CONT_AWD_1331L525P0010_1301_-NONE-_-NONE-,EZ PASS SUBSCRIPTION RENEWAL
USASPENDING,USA-CONT_AWD_89243326FFE400778_8900_89243326DFE000033_8900,NORTH WIND GENERAL CONTRACTORS LLC - NETL MORGANTOWN ROOFS REPLACEMENT PROJECT  PERIOD OF PERFORMANCE - 214 DAYS AFTER ISSUANCE OF THE NOTICE TO PROCEED,DOE,2026-08-07 13:20:30,DELIVERY ORDER,https://www.usaspending.gov/award/CONT_AWD_89243326FFE400778_8900_89243326DFE000033_8900,NETL MORGANTOWN ROOFS REPLACEMENT PROJECT  PERIOD OF PERFORMANCE - 214 DAYS AFTER ISSUANCE OF THE NOTICE TO PROCEED
USASPENDING,USA-CONT_AWD_1333ND26FNB680082_1341_1333ND25DNB680021_1341,"ACI ALLOYS, INC - OU68-FY26-467-NEW PRECIOUS METALS AND RECLAIM",Commerce,2026-08-07 13:18:14,DELIVERY ORDER,https://www.usaspending.gov/award/CONT_AWD_1333ND26FNB680082_1341_1333ND25DNB680021_1341,OU68-FY26-467-NEW PRECIOUS METALS AND RECLAIM
USASPENDING,USA-CONT_AWD_1333ND26PNB670318_1341_-NONE-_-NONE-,"OEWAVES, INC - OU67-FY26-112-NEW NARROW LINEWIDTH LASER",Commerce,2026-08-07 13:08:24,PURCHASE ORDER,https://www.usaspending.gov/award/CONT_AWD_1333ND26PNB670318_1341_-NONE-_-NONE-,OU67-FY26-112-NEW NARROW LINEWIDTH LASER
USASPENDING,USA-CONT_AWD_1305M420FNAAJ0091_1330_GS35F541GA_4732,SYSTEMS INTEGRATION & DEVELOPMENT INC - NOAA ESRI CENTRAL SUPPORT,Commerce,2026-08-07 12:56:40,DELIVERY ORDER,https://www.usaspending.gov/award/CONT_AWD_1305M420FNAAJ0091_1330_GS35F541GA_4732,NOAA ESRI CENTRAL SUPPORT
USASPENDING,USA-CONT_AWD_1332KP26F0061_1330_NNG15SC69B_8000,DYNAMIC SYSTEMS INC - NCEI ORACLE SOFTWARE LICENSING FOR CLOUD MIGRATION,Commerce,2026-08-07 12:54:39,DELIVERY ORDER,https://www.usaspending.gov/award/CONT_AWD_1332KP26F0061_1330_NNG15SC69B_8000,NCEI ORACLE SOFTWARE LICENSING FOR CLOUD MIGRATION
USASPENDING,USA-CONT_AWD_1333MK26P0121_1330_-NONE-_-NONE-,APPLETON MARINE INC - PROVIDE APPLETON TELESCOPING CRANE PARTS TO THE NOAA SHIP PISCES PER ATTACHED STATEMENT OF NEED.,Commerce,2026-08-07 12:52:21,PURCHASE ORDER,https://www.usaspending.gov/award/CONT_AWD_1333MK26P0121_1330_-NONE-_-NONE-,PROVIDE APPLETON TELESCOPING CRANE PARTS TO THE NOAA SHIP PISCES PER ATTACHED STATEMENT OF NEED.
USASPENDING,USA-CONT_AWD_1305M326P0244_1330_-NONE-_-NONE-,SODON ELECTRIC LLC - ELECTRICAL TRANSFORMER AND EXHAUST FAN REPLACEMENT (UNDERGROUND FACILITY AT THE NORTHEAST FISHERIES SCIENCE CENTER (NEFSC) JAMES J. HOWARD MARINE SCIENCES LABORATORY),Commerce,2026-08-07 12:37:35,PURCHASE ORDER,https://www.usaspending.gov/award/CONT_AWD_1305M326P0244_1330_-NONE-_-NONE-,ELECTRICAL TRANSFORMER AND EXHAUST FAN REPLACEMENT (UNDERGROUND FACILITY AT THE NORTHEAST FISHERIES SCIENCE CENTER (NEFSC) JAMES J. HOWARD MARINE SCIENCES LABORATORY)
USASPENDING,USA-CONT_AWD_1332KP24P0007_1330_-NONE-_-NONE-,"HUNTER STRATEGY, LLC - NESDIS: DATA FLOW SUPPLY CHAIN RISK ASSESSMENT AND TARGET MODELING",Commerce,2026-08-07 12:36:40,PURCHASE ORDER,https://www.usaspending.gov/award/CONT_AWD_1332KP24P0007_1330_-NONE-_-NONE-,NESDIS: DATA FLOW SUPPLY CHAIN RISK ASSESSMENT AND TARGET MODELING
USASPENDING,USA-CONT_AWD_89503426PWA002172_8900_-NONE-_-NONE-,"MAYOINTHEMIX LLC - CROSSARM, STEEL, 115KV, 8"" X 25' ""C"" CHANNEL. STEEL MUST CONFORM TO ASTM A588 A OR B.",DOE,2026-08-07 12:30:33,PURCHASE ORDER,https://www.usaspending.gov/award/CONT_AWD_89503426PWA002172_8900_-NONE-_-NONE-,"CROSSARM, STEEL, 115KV, 8"" X 25' ""C"" CHANNEL. STEEL MUST CONFORM TO ASTM A588 A OR B."
USASPENDING,USA-CONT_AWD_1331L526FNB200175_1301_1331L524A13OS0026_1301,ERNST & YOUNG LLP - A 123 AUDIT INTERNAL CONTROL,Commerce,2026-08-07 12:19:55,BPA CALL,https://www.usaspending.gov/award/CONT_AWD_1331L526FNB200175_1301_1331L524A13OS0026_1301,A 123 AUDIT INTERNAL CONTROL
USASPENDING,USA-CONT_AWD_89503426PWA002175_8900_-NONE-_-NONE-,MARY HELEN PARKEY - FLICKER CONDUCTOR FOR RAPID CITY SD,DOE,2026-08-07 12:14:15,PURCHASE ORDER,https://www.usaspending.gov/award/CONT_AWD_89503426PWA002175_8900_-NONE-_-NONE-,FLICKER CONDUCTOR FOR RAPID CITY SD
USASPENDING,USA-CONT_AWD_89233126FNA400812_8900_47QRAA18D001P_4732,"DELOITTE CONSULTING LLP - PROVIDE ACTUARY SERVICES INCLUDING ANALYZING, VALUING, COMPARING, ASSISTING WITH NEGOTIATIONS, DETERMINING THE REASONABLENESS OF EACH CONTRACTOR SITE (M&O) HUMAN RESOURCE MANAGEMENT RELATED EXPENSES E.G., COMPENSATION AND BENEFITS AND ANY OPPORTU",DOE,2026-08-07 12:10:17,DELIVERY ORDER,https://www.usaspending.gov/award/CONT_AWD_89233126FNA400812_8900_47QRAA18D001P_4732,"PROVIDE ACTUARY SERVICES INCLUDING ANALYZING, VALUING, COMPARING, ASSISTING WITH NEGOTIATIONS, DETERMINING THE REASONABLENESS OF EACH CONTRACTOR SITE (M&O) HUMAN RESOURCE MANAGEMENT RELATED EXPENSES E.G., COMPENSATION AND BENEFITS AND ANY OPPORTU"
USASPENDING,USA-CONT_AWD_1305M324P0436_1330_-NONE-_-NONE-,"SEA VENTURES INC - RESTORATION CENTER VESSEL, DIVE, SCIENTIFIC, AND CORAL REEF RESTORATION SUPPORT SERVICES",Commerce,2026-08-07 12:05:17,PURCHASE ORDER,https://www.usaspending.gov/award/CONT_AWD_1305M324P0436_1330_-NONE-_-NONE-,"RESTORATION CENTER VESSEL, DIVE, SCIENTIFIC, AND CORAL REEF RESTORATION SUPPORT SERVICES"
USASPENDING,USA-CONT_AWD_1305M226F0370_1330_1305M225D0020_1330,"APPLANIX CORP - ACQUIRE TRIMBLE APPLANIX POS MV OCEANMASTER RACK-MOUNT SYSTEMS WITH RTK CAPABILITY FOR OMAO MOC FLEET. FLEET HARDWARE REFRESH CONSISTING OF FULL SYSTEM UPGRADES, NEW SYSTEMS, INERTIAL MEASUREMENT HARDWARE, GNSS ANTENNAS, CABLING, AND ASSOCIATED COMPO",Commerce,2026-08-07 12:02:17,DELIVERY ORDER,https://www.usaspending.gov/award/CONT_AWD_1305M226F0370_1330_1305M225D0020_1330,"ACQUIRE TRIMBLE APPLANIX POS MV OCEANMASTER RACK-MOUNT SYSTEMS WITH RTK CAPABILITY FOR OMAO MOC FLEET. FLEET HARDWARE REFRESH CONSISTING OF FULL SYSTEM UPGRADES, NEW SYSTEMS, INERTIAL MEASUREMENT HARDWARE, GNSS ANTENNAS, CABLING, AND ASSOCIATED COMPO"
USASPENDING,USA-CONT_AWD_1333MK26P0120_1330_-NONE-_-NONE-,"CASCADE MACHINERY & ELECTRIC, INC. - PROCUREMENT OF NINE (9) DUPLICATE SPARE CARVER CENTRIFUGAL PUMPS FOR NOAA SHIP FAIRWEATHER IN NEWPORT, OR",Commerce,2026-08-07 11:56:40,PURCHASE ORDER,https://www.usaspending.gov/award/CONT_AWD_1333MK26P0120_1330_-NONE-_-NONE-,"PROCUREMENT OF NINE (9) DUPLICATE SPARE CARVER CENTRIFUGAL PUMPS FOR NOAA SHIP FAIRWEATHER IN NEWPORT, OR"
USASPENDING,USA-CONT_AWD_1331L526F0334_1301_1331L523A13ES0062_1301,"CSP ENTERPRISES, LLC - PCS AND ACCESSORIES ORDER.",Commerce,2026-08-07 11:55:17,BPA CALL,https://www.usaspending.gov/award/CONT_AWD_1331L526F0334_1301_1331L523A13ES0062_1301,PCS AND ACCESSORIES ORDER.
USASPENDING,USA-CONT_AWD_1305M326F0170_1330_1305M322DNRMA0015_1330,"MRV SYSTEMS, LLC - ARGO FLOATS DELIVERY ORDER AGAINST IDIQ 1305M322DNRMA0015.",Commerce,2026-08-07 11:54:50,DELIVERY ORDER,https://www.usaspending.gov/award/CONT_AWD_1305M326F0170_1330_1305M322DNRMA0015_1330,ARGO FLOATS DELIVERY ORDER AGAINST IDIQ 1305M322DNRMA0015.
USASPENDING,USA-CONT_AWD_1305M224F0393_1330_1305M223DNMAN0032_1330,BLUEPOINT ENGINEERING LLC - 1305M224R0041 FY25 HENRY BIGELOW DOCKSIDE,Commerce,2026-08-07 11:52:41,DELIVERY ORDER,https://www.usaspending.gov/award/CONT_AWD_1305M224F0393_1330_1305M223DNMAN0032_1330,1305M224R0041 FY25 HENRY BIGELOW DOCKSIDE
USASPENDING,USA-CONT_AWD_89303024CMA000114_8900_-NONE-_-NONE-,"ALEXTON INCORPORATED - THE CONTRACTOR SHALL PROVIDE ALL PERSONNEL, LABOR, MANAGEMENT, SUPERVISION, PLANNING, AND ADMINISTRATION TO PROVIDE PHOTOGRAPHY, ENERGY TECHNOLOGY VISUAL COLLECTION (ETVC), AND DIGITAL IMAGING SERVICES IN SUPPORT OF THE OFFICE OF ADMINISTRATIVE MANAG",DOE,2026-08-07 11:51:02,DEFINITIVE CONTRACT,https://www.usaspending.gov/award/CONT_AWD_89303024CMA000114_8900_-NONE-_-NONE-,"THE CONTRACTOR SHALL PROVIDE ALL PERSONNEL, LABOR, MANAGEMENT, SUPERVISION, PLANNING, AND ADMINISTRATION TO PROVIDE PHOTOGRAPHY, ENERGY TECHNOLOGY VISUAL COLLECTION (ETVC), AND DIGITAL IMAGING SERVICES IN SUPPORT OF THE OFFICE OF ADMINISTRATIVE MANAG"
USASPENDING,USA-CONT_AWD_HC101323FC055_9700_HC101321D0003_9700,COMCAST GOVERNMENT SERVICES LLC - CEG3000221EBM ETHERNET TRANSPORT SERVICE,DoD,2026-08-07 11:50:29,DELIVERY ORDER,https://www.usaspending.gov/award/CONT_AWD_HC101323FC055_9700_HC101321D0003_9700,CEG3000221EBM ETHERNET TRANSPORT SERVICE
USASPENDING,USA-CONT_AWD_89503425FWA401781_8900_89503423DWA000015_8900,HUGHES BROTHERS INC - CROSSARM RESTOCK FOR PI LINES AND X-BRACE KITS FOR SC LINES,DOE,2026-08-07 11:48:25,DELIVERY ORDER,https://www.usaspending.gov/award/CONT_AWD_89503425FWA401781_8900_89503423DWA000015_8900,CROSSARM RESTOCK FOR PI LINES AND X-BRACE KITS FOR SC LINES
USASPENDING,USA-CONT_AWD_89503025FWA401088_8900_HTC71123DC025_9700,UNITED PARCEL SERVICE CO. - FY2026 NEXT GENERATION DELIVERY SERVICES (NGDS) FOR WAPA HEADQUARTERS,DOE,2026-08-07 11:41:23,DELIVERY ORDER,https://www.usaspending.gov/award/CONT_AWD_89503025FWA401088_8900_HTC71123DC025_9700,FY2026 NEXT GENERATION DELIVERY SERVICES (NGDS) FOR WAPA HEADQUARTERS
USASPENDING,USA-CONT_AWD_1331L526F0335_1301_1331L523A13ES0062_1301,"CSP ENTERPRISES, LLC - PCS AND ACCESSORIES",Commerce,2026-08-07 11:27:41,BPA CALL,https://www.usaspending.gov/award/CONT_AWD_1331L526F0335_1301_1331L523A13ES0062_1301,PCS AND ACCESSORIES
USASPENDING,USA-CONT_AWD_31310024C0009_3100_-NONE-_-NONE-,RENAISSANCE CODE DEVELOPMENT LLC - SUPPORT AND DEVELOPMENT FOR DOSIMETRY ANALYSIS AND COMPUTATIONAL TOOLS FOR LICENSING AND INSPECTIONS.,NRC,2026-08-07 11:27:10,DEFINITIVE CONTRACT,https://www.usaspending.gov/award/CONT_AWD_31310024C0009_3100_-NONE-_-NONE-,SUPPORT AND DEVELOPMENT FOR DOSIMETRY ANALYSIS AND COMPUTATIONAL TOOLS FOR LICENSING AND INSPECTIONS.
USASPENDING,USA-CONT_AWD_89243126PSC000415_8900_-NONE-_-NONE-,"F M SYLVAN, INC. - SYLVAN COMPRESSOR REPLACEMENT - LENNOX UNIT AT OSTI FACILITY",DOE,2026-08-07 11:20:27,PURCHASE ORDER,https://www.usaspending.gov/award/CONT_AWD_89243126PSC000415_8900_-NONE-_-NONE-,SYLVAN COMPRESSOR REPLACEMENT - LENNOX UNIT AT OSTI FACILITY
USASPENDING,USA-CONT_AWD_13TECH26F0056_1323_NNG15SD42B_8000,ARCHITECHTURE SOLUTIONS LLC - DIGICERT SOFTWARE SUBSCRIPTION AND SUPPORT RENEWAL,Commerce,2026-08-07 11:18:38,DELIVERY ORDER,https://www.usaspending.gov/award/CONT_AWD_13TECH26F0056_1323_NNG15SD42B_8000,DIGICERT SOFTWARE SUBSCRIPTION AND SUPPORT RENEWAL
USASPENDING,USA-CONT_AWD_1331L526F0328_1301_1331L523A13ES0062_1301,"CSP ENTERPRISES, LLC - PCS AND ACCESSORIES ORDER.",Commerce,2026-08-07 11:08:46,BPA CALL,https://www.usaspending.gov/award/CONT_AWD_1331L526F0328_1301_1331L523A13ES0062_1301,PCS AND ACCESSORIES ORDER.
USASPENDING,USA-CONT_AWD_1305M323FNFFN0247_1330_1305M419DNCNA0027_1330,"SPATIAL FRONT INC - PROFESSIONAL, TECHNICAL, AND SCIENTIFIC SERVICES FOR THE NMFS/SERO CONSERVATION RECOVERY",Commerce,2026-08-07 11:06:44,DELIVERY ORDER,https://www.usaspending.gov/award/CONT_AWD_1305M323FNFFN0247_1330_1305M419DNCNA0027_1330,"PROFESSIONAL, TECHNICAL, AND SCIENTIFIC SERVICES FOR THE NMFS/SERO CONSERVATION RECOVERY"
USASPENDING,USA-CONT_AWD_1305M326P0194_1330_-NONE-_-NONE-,"AUBURN UNIVERSITY - SERVICES, NON-PERSONAL FOR PHOTOSYNTHETIC PIGMENT ANALYSIS",Commerce,2026-08-07 10:50:42,PURCHASE ORDER,https://www.usaspending.gov/award/CONT_AWD_1305M326P0194_1330_-NONE-_-NONE-,"SERVICES, NON-PERSONAL FOR PHOTOSYNTHETIC PIGMENT ANALYSIS"
USASPENDING,USA-CONT_AWD_89233125FNA000196_8900_89303024ACF000015_8900,BGRS RELOCATION INC - PCS RELOCATION MICHAEL BUNGER,DOE,2026-08-07 10:50:18,BPA CALL,https://www.usaspending.gov/award/CONT_AWD_89233125FNA000196_8900_89303024ACF000015_8900,PCS RELOCATION MICHAEL BUNGER
USASPENDING,USA-CONT_AWD_N0016425FJ597_9700_N0016423DJQ05_9700,"TELEDYNE FLIR DEFENSE, INC. - TTANDE FEES FOR MARFLIR II LRU",DoD,2026-08-07 10:47:25,DELIVERY ORDER,https://www.usaspending.gov/award/CONT_AWD_N0016425FJ597_9700_N0016423DJQ05_9700,TTANDE FEES FOR MARFLIR II LRU
USASPENDING,USA-CONT_AWD_89503426FWA000094_8900_89503424AWA000009_8900,"VEGETATION MANAGEMENT WEST, L.P. - WATERTOWN AREA VEGETATION CONTROL - T-LINE ROW (TREE CUTTING, TRIMMING)",DOE,2026-08-07 10:38:14,BPA CALL,https://www.usaspending.gov/award/CONT_AWD_89503426FWA000094_8900_89503424AWA000009_8900,"WATERTOWN AREA VEGETATION CONTROL - T-LINE ROW (TREE CUTTING, TRIMMING)"
USASPENDING,USA-CONT_AWD_31310022F0014_3100_GS35F282CA_4732,"CODE PLUS, INC. - PROFESSIONAL DEVELOPMENT CENTER (PDC) SUPPORT SERVICES",NRC,2026-08-07 10:38:09,DELIVERY ORDER,https://www.usaspending.gov/award/CONT_AWD_31310022F0014_3100_GS35F282CA_4732,PROFESSIONAL DEVELOPMENT CENTER (PDC) SUPPORT SERVICES
USASPENDING,USA-CONT_AWD_89503126PWA000927_8900_-NONE-_-NONE-,"SPRING FOUNTAIN STUDIOS LLC - UNINTERRUPTIBLE POWER SUPPLY (UPS) MAINTENANCE, WESTERN AREA POWER ADMINISTRATION (WAPA), DESERT SOUTHWEST (DSW) REGION, PHOENIX, AZ",DOE,2026-08-07 10:32:29,PURCHASE ORDER,https://www.usaspending.gov/award/CONT_AWD_89503126PWA000927_8900_-NONE-_-NONE-,"UNINTERRUPTIBLE POWER SUPPLY (UPS) MAINTENANCE, WESTERN AREA POWER ADMINISTRATION (WAPA), DESERT SOUTHWEST (DSW) REGION, PHOENIX, AZ"
USASPENDING,USA-CONT_AWD_89233126CNA000441_8900_-NONE-_-NONE-,BVG & CO CONSULTING LLC - NA-80 PROGRAM SUPPORT,DOE,2026-08-07 10:30:33,DEFINITIVE CONTRACT,https://www.usaspending.gov/award/CONT_AWD_89233126CNA000441_8900_-NONE-_-NONE-,NA-80 PROGRAM SUPPORT
USASPENDING,USA-CONT_AWD_89303026FMA401023_8900_89303020DMA000018_8900,"HITT CONTRACTING, INC. - DOE HQ FORS GA-242 FAN COIL UNIT AND ACOUSTICAL PANEL PROJECT",DOE,2026-08-07 10:30:23,DELIVERY ORDER,https://www.usaspending.gov/award/CONT_AWD_89303026FMA401023_8900_89303020DMA000018_8900,DOE HQ FORS GA-242 FAN COIL UNIT AND ACOUSTICAL PANEL PROJECT
USASPENDING,USA-CONT_AWD_1305M326P0179_1330_-NONE-_-NONE-,"ORYX SERVICES LLC - GROUNDS MAINTENANCE AND LANDSCAPING SERVICES FOR THE NATIONAL WEATHER SERVICE LOCATED IN UPTON, NY",Commerce,2026-08-07 10:26:34,PURCHASE ORDER,https://www.usaspending.gov/award/CONT_AWD_1305M326P0179_1330_-NONE-_-NONE-,"GROUNDS MAINTENANCE AND LANDSCAPING SERVICES FOR THE NATIONAL WEATHER SERVICE LOCATED IN UPTON, NY"
USASPENDING,USA-CONT_AWD_1333MF26F0044_1330_GS03F0182V_4730,JTF BUSINESS SYSTEMS CORPORATION - NEW MULTIFUNCTIONAL DEVICES (COPIERS/PRINTERS) PLUS MAINTENANCE AND SUPPORT FOR SWFSC LA JOLLA LAB,Commerce,2026-08-07 10:22:49,DELIVERY ORDER,https://www.usaspending.gov/award/CONT_AWD_1333MF26F0044_1330_GS03F0182V_4730,NEW MULTIFUNCTIONAL DEVICES (COPIERS/PRINTERS) PLUS MAINTENANCE AND SUPPORT FOR SWFSC LA JOLLA LAB
USASPENDING,USA-CONT_AWD_13ADFL26F0009_1323_47QSMA21D08P5_4732,"DMT SOLUTIONS GLOBAL CORPORATION - THE CONTRACTOR SHALL PROVIDE ALL HARDWARE, SOFTWARE, RETROFIT KITS, INSTALLATION, CONFIGURATION, INTEGRATION, TESTING, AND SYSTEMS ENGINEERING SERVICES NECESSARY TO MODERNIZE THE NPC MAIL INSERTER AND DC VERIFY/INSITE ENVIRONMENT.",Commerce,2026-08-07 10:22:40,DELIVERY ORDER,https://www.usaspending.gov/award/CONT_AWD_13ADFL26F0009_1323_47QSMA21D08P5_4732,"THE CONTRACTOR SHALL PROVIDE ALL HARDWARE, SOFTWARE, RETROFIT KITS, INSTALLATION, CONFIGURATION, INTEGRATION, TESTING, AND SYSTEMS ENGINEERING SERVICES NECESSARY TO MODERNIZE THE NPC MAIL INSERTER AND DC VERIFY/INSITE ENVIRONMENT."
USASPENDING,USA-CONT_AWD_89503126CWA000154_8900_-NONE-_-NONE-,"NEW PHASE ELECTRICAL LLC - DATACENTER RECABLING - INSTALL RECEPTACLES, PHOENIX, AZ",DOE,2026-08-07 10:21:29,DEFINITIVE CONTRACT,https://www.usaspending.gov/award/CONT_AWD_89503126CWA000154_8900_-NONE-_-NONE-,"DATACENTER RECABLING - INSTALL RECEPTACLES, PHOENIX, AZ"
USASPENDING,USA-CONT_AWD_1305M220FNFFK0333_1330_1305M418DNFFK0007_1330,SALTWATER INC. - NATIONAL ENVIRONMENTAL POLICY ACT SUPPORT FOR NOAA FISHERIES OFFICE OF AQUACULTURE,Commerce,2026-08-07 10:12:40,DELIVERY ORDER,https://www.usaspending.gov/award/CONT_AWD_1305M220FNFFK0333_1330_1305M418DNFFK0007_1330,NATIONAL ENVIRONMENTAL POLICY ACT SUPPORT FOR NOAA FISHERIES OFFICE OF AQUACULTURE
CONGRESS,CONGRESS-HR9270,Dignity and Due Process for Children Act of 2026,Armed Services,2026-06-11,HR,https://www.congress.gov/bill/119th-congress/house-bill/9270,"Sponsor: Rep. Dexter, Maxine [D-OR-3]"
CONGRESS,CONGRESS-HRES1357,"Acknowledging and apologizing for the mistreatment of, and discrimination against, lesbian, gay, bisexual, and transgender individuals who served the United States in the uniformed services, the Foreign Service, and the Federal civil service and committing to the pursuit of equal rights, protections, and respect for all LGBT servicemembers and Federal civil servants.",Armed Services,2026-06-11,HRES,https://www.congress.gov/bill/119th-congress/house-resolution/1357,"Sponsor: Rep. McClellan, Jennifer L. [D-VA-4]"
CONGRESS,CONGRESS-HR9283,Critical Defense Ownership Review Act,Armed Services,2026-06-11,HR,https://www.congress.gov/bill/119th-congress/house-bill/9283,"Sponsor: Rep. Khanna, Ro [D-CA-17]"
CONGRESS,CONGRESS-HR9318,National Security Commission Quantum Computing Act of 2026,Armed Services,2026-06-15,HR,https://www.congress.gov/bill/119th-congress/house-bill/9318,"Sponsor: Rep. Lawler, Michael [R-NY-17]"
CONGRESS,CONGRESS-HR9322,Abraham Accords Defense Cooperation Act of 2026,Armed Services,2026-06-15,HR,https://www.congress.gov/bill/119th-congress/house-bill/9322,"Sponsor: Rep. Panetta, Jimmy [D-CA-19]"
CONGRESS,CONGRESS-HR9358,Improving the Lives of the American People Act,Armed Services,2026-06-18,HR,https://www.congress.gov/bill/119th-congress/house-bill/9358,"Sponsor: Rep. Magaziner, Seth [D-RI-2]"
CONGRESS,CONGRESS-HR9413,Military Family Limb Loss Support Act,Armed Services,2026-06-23,HR,https://www.congress.gov/bill/119th-congress/house-bill/9413,"Sponsor: Rep. Meng, Grace [D-NY-6]"
CONGRESS,CONGRESS-HR9411,Next Mission Act,Armed Services,2026-06-23,HR,https://www.congress.gov/bill/119th-congress/house-bill/9411,"Sponsor: Rep. Mannion, John W. [D-NY-22]"
CONGRESS,CONGRESS-HR9403,JROTC POWER Act,Armed Services,2026-06-23,HR,https://www.congress.gov/bill/119th-congress/house-bill/9403,"Sponsor: Rep. Escobar, Veronica [D-TX-16]"
CONGRESS,CONGRESS-HRES1380,Commemorating 50 years of women at the service academies.,Armed Services,2026-06-23,HRES,https://www.congress.gov/bill/119th-congress/house-resolution/1380,"Sponsor: Rep. Houlahan, Chrissy [D-PA-6]"
CONGRESS,CONGRESS-HR9465,Combat Pay Protection Act,Armed Services,2026-06-25,HR,https://www.congress.gov/bill/119th-congress/house-bill/9465,"Sponsor: Rep. Hamadeh, Abraham J. [R-AZ-8]"
CONGRESS,CONGRESS-HR9475,National Task Force on Caregiving Youth of Veterans Act.,Armed Services,2026-06-25,HR,https://www.congress.gov/bill/119th-congress/house-bill/9475,"Sponsor: Rep. McGarvey, Morgan [D-KY-3]"
CONGRESS,CONGRESS-HR9531,Preventing Stomach Cancer in Our Nation’s Heroes Act,Armed Services,2026-06-29,HR,https://www.congress.gov/bill/119th-congress/house-bill/9531,"Sponsor: Rep. Smith, Christopher H. [R-NJ-4]"
CONGRESS,CONGRESS-HRES1396,"Expressing support for the designation of the month of June 2026 as ""National Post-Traumatic Stress Awareness Month"" and June 27, 2026, as ""National Post-Traumatic Stress Awareness Day"".",Armed Services,2026-06-29,HRES,https://www.congress.gov/bill/119th-congress/house-resolution/1396,"Sponsor: Rep. Peters, Scott H. [D-CA-50]"
CONGRESS,CONGRESS-HR9516,"To codify Executive Order 14412, entitled ""Securing the Nation Against Advanced Cryptographic Attacks"".",Armed Services,2026-06-29,HR,https://www.congress.gov/bill/119th-congress/house-bill/9516,"Sponsor: Rep. Harrigan, Pat [R-NC-10]"
CONGRESS,CONGRESS-HR9534,Wildfire Response Modernization Act,Armed Services,2026-06-29,HR,https://www.congress.gov/bill/119th-congress/house-bill/9534,"Sponsor: Rep. Whitesides, George [D-CA-27]"
CONGRESS,CONGRESS-HR9550,Strategic Unmanned Systems Partnership Act,Armed Services,2026-06-30,HR,https://www.congress.gov/bill/119th-congress/house-bill/9550,"Sponsor: Rep. Kaptur, Marcy [D-OH-9]"
CONGRESS,CONGRESS-HR9564,Military Housing Innovation Act,Armed Services,2026-06-30,HR,https://www.congress.gov/bill/119th-congress/house-bill/9564,"Sponsor: Rep. Peters, Scott H. [D-CA-50]"
CONGRESS,CONGRESS-HCONRES111,"Recognizing the 25th anniversary of the terrorist attacks of September 11, 2001, honoring the memory of the victims, recognizing the courage and sacrifice of the heroes who answered the call to serve, acknowledging the charitable organizations that continue to support survivors and victims' families, and reaffirming the enduring commitment of the United States to defend freedom and never forget.",Armed Services,2026-06-30,HCONRES,https://www.congress.gov/bill/119th-congress/house-concurrent-resolution/111,"Sponsor: Rep. Sessions, Pete [R-TX-17]"
CONGRESS,CONGRESS-HR9549,"To amend title 10, United States Code, the National Defense Authorization Act for Fiscal Year 2022, and the Military Construction Authorization Act for Fiscal Year 2018 to repeal certain reporting requirements related to unfunded priorities, and for other purposes.",Armed Services,2026-06-30,HR,https://www.congress.gov/bill/119th-congress/house-bill/9549,"Sponsor: Rep. Jayapal, Pramila [D-WA-7]"
CONGRESS,CONGRESS-HR9547,Veterans and Servicemembers PTSD Emerging Treatment Review Act of 2026,Armed Services,2026-06-30,HR,https://www.congress.gov/bill/119th-congress/house-bill/9547,"Sponsor: Rep. Hamadeh, Abraham J. [R-AZ-8]"
CONGRESS,CONGRESS-HRES1406,"Expressing the sense of the House of Representatives honoring the men of the USS Liberty, urging the declassification of all records relating to the June 8, 1967, attack, and affirming that the lives and safety of United States citizens and servicemembers shall be paramount in the conduct of United States foreign policy.",Armed Services,2026-06-30,HRES,https://www.congress.gov/bill/119th-congress/house-resolution/1406,"Sponsor: Rep. Massie, Thomas [R-KY-4]"
CONGRESS,CONGRESS-HR9586,Delivering Priority Legislation Act,Armed Services,2026-07-02,HR,https://www.congress.gov/bill/119th-congress/house-bill/9586,"Sponsor: Rep. McGovern, James P. [D-MA-2]"
CONGRESS,CONGRESS-HRES1419,Celebrating the 200th anniversary of Jefferson Barracks in Missouri and recognizing its contributions to the military history and national security of the United States.,Armed Services,2026-07-06,HRES,https://www.congress.gov/bill/119th-congress/house-resolution/1419,"Sponsor: Rep. Wagner, Ann [R-MO-2]"
CONGRESS,CONGRESS-HR9595,Sergeant First Class Jorge Otero Barreto Medal of Honor Act,Armed Services,2026-07-06,HR,https://www.congress.gov/bill/119th-congress/house-bill/9595,"Sponsor: Rescom. Hernández, Pablo Jose [D-PR-At Large]"
CONGRESS,CONGRESS-HR9620,Military Next-Gen Collision Avoidance Act of 2026,Armed Services,2026-07-09,HR,https://www.congress.gov/bill/119th-congress/house-bill/9620,"Sponsor: Rep. Barrett, Tom [R-MI-7]"
CONGRESS,CONGRESS-HJRES201,Designating an official residence for the Speaker of the House of Representatives.,Armed Services,2026-07-09,HJRES,https://www.congress.gov/bill/119th-congress/house-joint-resolution/201,"Sponsor: Rep. Issa, Darrell [R-CA-48]"
CONGRESS,CONGRESS-HR9648,General John D. Lavelle Act,Armed Services,2026-07-13,HR,https://www.congress.gov/bill/119th-congress/house-bill/9648,"Sponsor: Rep. Bacon, Don [R-NE-2]"
CONGRESS,CONGRESS-HR9687,Blocking CCP Spy Tech Act of 2026,Armed Services,2026-07-14,HR,https://www.congress.gov/bill/119th-congress/house-bill/9687,"Sponsor: Rep. Perry, Scott [R-PA-10]"
CONGRESS,CONGRESS-HR9760,National Coordination on Adaptation and Resilience for Security Act of 2026,Armed Services,2026-07-16,HR,https://www.congress.gov/bill/119th-congress/house-bill/9760,"Sponsor: Rep. Peters, Scott H. [D-CA-50]"
CONGRESS,CONGRESS-HR9729,Human Authority over Autonomous Weapons Act of 2026,Armed Services,2026-07-16,HR,https://www.congress.gov/bill/119th-congress/house-bill/9729,"Sponsor: Rep. Beyer, Donald S. [D-VA-8]"
CONGRESS,CONGRESS-HR9738,Streamlining Military Infrastructure Act,Armed Services,2026-07-16,HR,https://www.congress.gov/bill/119th-congress/house-bill/9738,"Sponsor: Rep. Escobar, Veronica [D-TX-16]"
CONGRESS,CONGRESS-HR9780,BRRRRT Act of 2026,Armed Services,2026-07-20,HR,https://www.congress.gov/bill/119th-congress/house-bill/9780,"Sponsor: Rep. Hamadeh, Abraham J. [R-AZ-8]"
CONGRESS,CONGRESS-HR9782,Security Sector Governance Compacts Act,Armed Services,2026-07-20,HR,https://www.congress.gov/bill/119th-congress/house-bill/9782,"Sponsor: Rep. Jacobs, Sara [D-CA-51]"
CONGRESS,CONGRESS-HR9794,To direct the Secretary of Defense to establish the Senator Robert J. Dole Greatest Generation Education Program.,Armed Services,2026-07-20,HR,https://www.congress.gov/bill/119th-congress/house-bill/9794,"Sponsor: Rep. Schmidt, Derek [R-KS-2]"
CONGRESS,CONGRESS-HR9821,Shared Values Act,Armed Services,2026-07-21,HR,https://www.congress.gov/bill/119th-congress/house-bill/9821,"Sponsor: Rep. Underwood, Lauren [D-IL-14]"
CONGRESS,CONGRESS-HR9863,To direct the Director of the Defense Health Agency to submit to Congress a report on the feasibility of establishing a pilot program that establishes a behavioral neurology fellowship program to provide training opportunities with respect to treating members of the Armed Forces and veterans with traumatic brain injuries.,Armed Services,2026-07-22,HR,https://www.congress.gov/bill/119th-congress/house-bill/9863,"Sponsor: Rep. Neguse, Joe [D-CO-2]"
CONGRESS,CONGRESS-HR9864,Reducing Military Health Care Wait Times Act,Armed Services,2026-07-22,HR,https://www.congress.gov/bill/119th-congress/house-bill/9864,"Sponsor: Rep. Neguse, Joe [D-CO-2]"
CONGRESS,CONGRESS-HR9880,GPS Modernization Acceleration Act,Armed Services,2026-07-22,HR,https://www.congress.gov/bill/119th-congress/house-bill/9880,"Sponsor: Rep. Shreve, Jefferson [R-IN-6]"
CONGRESS,CONGRESS-HR9865,Timely Electronic Health Record Transfers for Transitioning Servicemembers Act of 2026,Armed Services,2026-07-22,HR,https://www.congress.gov/bill/119th-congress/house-bill/9865,"Sponsor: Rep. Neguse, Joe [D-CO-2]"
CONGRESS,CONGRESS-HR9888,Military Installation Readiness and Resilience Act of 2026,Armed Services,2026-07-22,HR,https://www.congress.gov/bill/119th-congress/house-bill/9888,"Sponsor: Rep. Walkinshaw, James R. [D-VA-11]"
CONGRESS,CONGRESS-HR9877,"To improve the health of minority individuals, and for other purposes.",Armed Services,2026-07-22,HR,https://www.congress.gov/bill/119th-congress/house-bill/9877,"Sponsor: Rep. Ruiz, Raul [D-CA-25]"
CONGRESS,CONGRESS-HR9848,Military Spouse Employment and Child Care Readiness Act,Armed Services,2026-07-22,HR,https://www.congress.gov/bill/119th-congress/house-bill/9848,"Sponsor: Rep. Escobar, Veronica [D-TX-16]"
CONGRESS,CONGRESS-HR9889,PILOT Act,Armed Services,2026-07-22,HR,https://www.congress.gov/bill/119th-congress/house-bill/9889,"Sponsor: Rep. Whitesides, George [D-CA-27]"
CONGRESS,CONGRESS-HR9941,Right to IVF Act of 2026,Armed Services,2026-07-23,HR,https://www.congress.gov/bill/119th-congress/house-bill/9941,"Sponsor: Rep. Trahan, Lori [D-MA-3]"
CONGRESS,CONGRESS-HR9930,Supporting Our Military Child Care Workforce Act,Armed Services,2026-07-23,HR,https://www.congress.gov/bill/119th-congress/house-bill/9930,"Sponsor: Rep. Pettersen, Brittany [D-CO-7]"
CONGRESS,CONGRESS-HR9946,"To require the coverage of testing for certain sexually transmitted infections without the imposition of cost sharing, and for other purposes.",Armed Services,2026-07-23,HR,https://www.congress.gov/bill/119th-congress/house-bill/9946,"Sponsor: Rep. Williams, Nikema [D-GA-5]"
CONGRESS,CONGRESS-HR9909,"Small Unmanned Aircraft Systems Operational Test, Evaluation, and Training Corridor Act",Armed Services,2026-07-23,HR,https://www.congress.gov/bill/119th-congress/house-bill/9909,"Sponsor: Rep. Jackson, Ronny [R-TX-13]"
CONGRESS,CONGRESS-HR9964,To amend the War Powers Resolution to provide for the limitation on Federal funding in contravention of the requirements of the War Powers Resolution.,Armed Services,2026-07-27,HR,https://www.congress.gov/bill/119th-congress/house-bill/9964,"Sponsor: Rep. Larson, John B. [D-CT-1]"
CONGRESS,CONGRESS-HR9950,"Healthy Commissaries, Healthy Families Act",Armed Services,2026-07-27,HR,https://www.congress.gov/bill/119th-congress/house-bill/9950,"Sponsor: Rep. Barrett, Tom [R-MI-7]"
CONGRESS,CONGRESS-HR9997,National Guard for National Service Act of 2026,Armed Services,2026-07-30,HR,https://www.congress.gov/bill/119th-congress/house-bill/9997,"Sponsor: Rep. Neguse, Joe [D-CO-2]"
CONGRESS,CONGRESS-HR10004,Defending Our Energy and Water Act,Armed Services,2026-07-30,HR,https://www.congress.gov/bill/119th-congress/house-bill/10004,"Sponsor: Rep. Scholten, Hillary J. [D-MI-3]"
CONGRESS,CONGRESS-HR9998,Wildfire Research Coordination Act of 2026,Armed Services,2026-07-30,HR,https://www.congress.gov/bill/119th-congress/house-bill/9998,"Sponsor: Rep. Pettersen, Brittany [D-CO-7]"
CONGRESS,CONGRESS-HR10015,Great American Healthcare Act,Armed Services,2026-08-03,HR,https://www.congress.gov/bill/119th-congress/house-bill/10015,"Sponsor: Rep. Burlison, Eric [R-MO-7]"
CONGRESS,CONGRESS-HR10021,To authorize the President to award the Medal of Honor to Earl L. Nolte for acts of valor as a member of the Army during World War II.,Armed Services,2026-08-03,HR,https://www.congress.gov/bill/119th-congress/house-bill/10021,"Sponsor: Rep. Finstad, Brad [R-MN-1]"
CONGRESS,CONGRESS-HR10041,Smart Data Center Policy Act,Armed Services,2026-08-03,HR,https://www.congress.gov/bill/119th-congress/house-bill/10041,"Sponsor: Rep. Vindman, Eugene Simon [D-VA-7]"
CONGRESS,CONGRESS-HR10046,DEPOTS Act,Armed Services,2026-08-06,HR,https://www.congress.gov/bill/119th-congress/house-bill/10046,"Sponsor: Rep. Cloud, Michael [R-TX-27]"
CONGRESS,CONGRESS-HR10069,Military Readiness Through Resilient Lands Act,Armed Services,2026-08-06,HR,https://www.congress.gov/bill/119th-congress/house-bill/10069,"Sponsor: Rep. Whitesides, George [D-CA-27]"
CONGRESS,CONGRESS-HR10047,Depot Data Transparency Act,Armed Services,2026-08-06,HR,https://www.congress.gov/bill/119th-congress/house-bill/10047,"Sponsor: Rep. Cloud, Michael [R-TX-27]"
CONGRESS,CONGRESS-HR5893,GUARD Act,Appropriations,2025-10-31,HR,https://www.congress.gov/bill/119th-congress/house-bill/5893,"Sponsor: Rep. Sykes, Emilia Strong [D-OH-13]"
CONGRESS,CONGRESS-HR5924,Pay Our Capitol Police Act,Appropriations,2025-11-04,HR,https://www.congress.gov/bill/119th-congress/house-bill/5924,"Sponsor: Rep. Steil, Bryan [R-WI-1]"
CONGRESS,CONGRESS-HR5950,Keep SNAP and WIC Funded Act of 2025,Appropriations,2025-11-07,HR,https://www.congress.gov/bill/119th-congress/house-bill/5950,"Sponsor: Rep. Hayes, Jahana [D-CT-5]"
CONGRESS,CONGRESS-HR5974,Bureau of Prisons Pay Protection Act,Appropriations,2025-11-07,HR,https://www.congress.gov/bill/119th-congress/house-bill/5974,"Sponsor: Rep. Pettersen, Brittany [D-CO-7]"
CONGRESS,CONGRESS-HR5937,MAMDANI Act,Appropriations,2025-11-07,HR,https://www.congress.gov/bill/119th-congress/house-bill/5937,"Sponsor: Rep. Carter, Earl L. ""Buddy"" [R-GA-1]"
CONGRESS,CONGRESS-HR6039,Commonsense Legislating Act,Appropriations,2025-11-12,HR,https://www.congress.gov/bill/119th-congress/house-bill/6039,"Sponsor: Rep. McGovern, James P. [D-MA-2]"
CONGRESS,CONGRESS-HR6044,Pay Our Patriots Act,Appropriations,2025-11-13,HR,https://www.congress.gov/bill/119th-congress/house-bill/6044,"Sponsor: Rep. Mast, Brian J. [R-FL-21]"
CONGRESS,CONGRESS-HR6050,HEALTH Act,Appropriations,2025-11-17,HR,https://www.congress.gov/bill/119th-congress/house-bill/6050,"Sponsor: Rep. Horsford, Steven [D-NV-4]"
CONGRESS,CONGRESS-HR6202,Brand USA Restoration Act,Appropriations,2025-11-20,HR,https://www.congress.gov/bill/119th-congress/house-bill/6202,"Sponsor: Rep. Krishnamoorthi, Raja [D-IL-8]"
CONGRESS,CONGRESS-HR6271,Food Bank Emergency Support Act of 2025,Appropriations,2025-11-21,HR,https://www.congress.gov/bill/119th-congress/house-bill/6271,"Sponsor: Rep. McClain Delaney, April [D-MD-6]"
CONGRESS,CONGRESS-HR6337,ROAD to Housing Act of 2025,Appropriations,2025-12-01,HR,https://www.congress.gov/bill/119th-congress/house-bill/6337,"Sponsor: Rep. McClain, Lisa C. [R-MI-9]"
CONGRESS,CONGRESS-HR6637,To advance bipartisan priorities.,Appropriations,2025-12-11,HR,https://www.congress.gov/bill/119th-congress/house-bill/6637,"Sponsor: Rep. Fitzpatrick, Brian K. [R-PA-1]"
CONGRESS,CONGRESS-HR6636,To advance sensible priorities.,Appropriations,2025-12-11,HR,https://www.congress.gov/bill/119th-congress/house-bill/6636,"Sponsor: Rep. Fitzpatrick, Brian K. [R-PA-1]"
CONGRESS,CONGRESS-HR6632,El Paso Air Traffic Control Tower Modernization Act,Appropriations,2025-12-11,HR,https://www.congress.gov/bill/119th-congress/house-bill/6632,"Sponsor: Rep. Escobar, Veronica [D-TX-16]"
CONGRESS,CONGRESS-HR6771,Housing Crisis Response Act of 2025,Appropriations,2025-12-17,HR,https://www.congress.gov/bill/119th-congress/house-bill/6771,"Sponsor: Rep. Waters, Maxine [D-CA-43]"
CONGRESS,CONGRESS-HR6932,IDEAL Act,Appropriations,2025-12-26,HR,https://www.congress.gov/bill/119th-congress/house-bill/6932,"Sponsor: Rep. James, John [R-MI-10]"
CONGRESS,CONGRESS-HR7007,Governing for the People Act,Appropriations,2026-01-12,HR,https://www.congress.gov/bill/119th-congress/house-bill/7007,"Sponsor: Rep. McGovern, James P. [D-MA-2]"
CONGRESS,CONGRESS-HR7137,Shutdown Fairness Act,Appropriations,2026-01-16,HR,https://www.congress.gov/bill/119th-congress/house-bill/7137,"Sponsor: Rep. Johnson, Dusty [R-SD-At Large]"
CONGRESS,CONGRESS-HR7163,PUBLIC SAFETY Act,Appropriations,2026-01-20,HR,https://www.congress.gov/bill/119th-congress/house-bill/7163,"Sponsor: Rep. Pappas, Chris [D-NH-1]"
CONGRESS,CONGRESS-HJRES143,Resolution Act.,Appropriations,2026-01-22,HJRES,https://www.congress.gov/bill/119th-congress/house-joint-resolution/143,"Sponsor: Rep. McGovern, James P. [D-MA-2]"
CONGRESS,CONGRESS-HR7315,Advancing Policy Priorities Act,Appropriations,2026-02-02,HR,https://www.congress.gov/bill/119th-congress/house-bill/7315,"Sponsor: Rep. Magaziner, Seth [D-RI-2]"
CONGRESS,CONGRESS-HR7314,Advancing Commonsense Policies Act,Appropriations,2026-02-02,HR,https://www.congress.gov/bill/119th-congress/house-bill/7314,"Sponsor: Rep. Magaziner, Seth [D-RI-2]"
CONGRESS,CONGRESS-HR7322,True Shutdown Fairness Act,Appropriations,2026-02-02,HR,https://www.congress.gov/bill/119th-congress/house-bill/7322,"Sponsor: Rep. Walkinshaw, James R. [D-VA-11]"
CONGRESS,CONGRESS-HR7481,"Department of Homeland Security Appropriations Act, 2026",Appropriations,2026-02-11,HR,https://www.congress.gov/bill/119th-congress/house-bill/7481,"Sponsor: Rep. DeLauro, Rosa L. [D-CT-3]"
CONGRESS,CONGRESS-HR7617,"To provide funding for administrative expenses of the Department of Homeland Security during any lapse in appropriations during fiscal year 2026, to require that the Department be responsive to congressional offices during such a lapse in appropriations, and for other purposes.",Appropriations,2026-02-20,HR,https://www.congress.gov/bill/119th-congress/house-bill/7617,"Sponsor: Rep. Johnson, Julie [D-TX-32]"
CONGRESS,CONGRESS-HR7774,FERRIES Act,Appropriations,2026-03-03,HR,https://www.congress.gov/bill/119th-congress/house-bill/7774,"Sponsor: Rep. Randall, Emily [D-WA-6]"
CONGRESS,CONGRESS-HR8173,Reforming ICE and Protecting America Act,Appropriations,2026-04-02,HR,https://www.congress.gov/bill/119th-congress/house-bill/8173,"Sponsor: Rep. Fitzpatrick, Brian K. [R-PA-1]"
CONGRESS,CONGRESS-HR8171,FAST Housing Act,Appropriations,2026-04-02,HR,https://www.congress.gov/bill/119th-congress/house-bill/8171,"Sponsor: Rep. Ciscomani, Juan [R-AZ-6]"
CONGRESS,CONGRESS-HR8206,"Homeland Security and Further Additional Continuing Appropriations Act, 2026",Appropriations,2026-04-06,HR,https://www.congress.gov/bill/119th-congress/house-bill/8206,"Sponsor: Rep. Roy, Chip [R-TX-21]"
CONGRESS,CONGRESS-HR8291,Reforming Disaster Recovery Act,Appropriations,2026-04-15,HR,https://www.congress.gov/bill/119th-congress/house-bill/8291,"Sponsor: Rep. Green, Al [D-TX-9]"
CONGRESS,CONGRESS-HR8368,"To appropriate funds for the Federal Emergency Management Agency's Disaster Relief Fund, and for other purposes.",Appropriations,2026-04-20,HR,https://www.congress.gov/bill/119th-congress/house-bill/8368,"Sponsor: Rep. Carter, Troy A. [D-LA-2]"
CONGRESS,CONGRESS-HR8902,WATCH Personnel Act of 2026,Appropriations,2026-05-19,HR,https://www.congress.gov/bill/119th-congress/house-bill/8902,"Sponsor: Rep. Pou, Nellie [D-NJ-9]"
CONGRESS,CONGRESS-HR9094,Florida Freeze Disaster Assistance Act of 2026,Appropriations,2026-06-02,HR,https://www.congress.gov/bill/119th-congress/house-bill/9094,"Sponsor: Rep. Franklin, Scott [R-FL-18]"
CONGRESS,CONGRESS-HR9313,Water Access Act,Appropriations,2026-06-15,HR,https://www.congress.gov/bill/119th-congress/house-bill/9313,"Sponsor: Rep. Dingell, Debbie [D-MI-6]"
CONGRESS,CONGRESS-HR9358,Improving the Lives of the American People Act,Appropriations,2026-06-18,HR,https://www.congress.gov/bill/119th-congress/house-bill/9358,"Sponsor: Rep. Magaziner, Seth [D-RI-2]"
CONGRESS,CONGRESS-HR9586,Delivering Priority Legislation Act,Appropriations,2026-07-02,HR,https://www.congress.gov/bill/119th-congress/house-bill/9586,"Sponsor: Rep. McGovern, James P. [D-MA-2]"
CONGRESS,CONGRESS-HR9736,Stop CHEATERS Act,Appropriations,2026-07-16,HR,https://www.congress.gov/bill/119th-congress/house-bill/9736,"Sponsor: Rep. DelBene, Suzan K. [D-WA-1]"
CONGRESS,CONGRESS-HR9821,Shared Values Act,Appropriations,2026-07-21,HR,https://www.congress.gov/bill/119th-congress/house-bill/9821,"Sponsor: Rep. Underwood, Lauren [D-IL-14]"
CONGRESS,CONGRESS-HR9824,Daycare Not Detentions Act of 2026,Appropriations,2026-07-22,HR,https://www.congress.gov/bill/119th-congress/house-bill/9824,"Sponsor: Rep. Bonamici, Suzanne [D-OR-1]"
CONGRESS,CONGRESS-HR10062,Promoting National Service and Reducing Unemployment Act,Appropriations,2026-08-06,HR,https://www.congress.gov/bill/119th-congress/house-bill/10062,"Sponsor: Del. Norton, Eleanor Holmes [D-DC-At Large]"
CONGRESS,CONGRESS-HR9877,"To improve the health of minority individuals, and for other purposes.",Energy and Commerce,2026-07-22,HR,https://www.congress.gov/bill/119th-congress/house-bill/9877,"Sponsor: Rep. Ruiz, Raul [D-CA-25]"
CONGRESS,CONGRESS-HR9843,Enhancing Electric Grid Resilience Act,Energy and Commerce,2026-07-22,HR,https://www.congress.gov/bill/119th-congress/house-bill/9843,"Sponsor: Rep. Castor, Kathy [D-FL-14]"
CONGRESS,CONGRESS-HR9844,CHARTS Act,Energy and Commerce,2026-07-22,HR,https://www.congress.gov/bill/119th-congress/house-bill/9844,"Sponsor: Rep. Cleaver, Emanuel [D-MO-5]"
CONGRESS,CONGRESS-HR9839,STRONG Kids Act,Energy and Commerce,2026-07-22,HR,https://www.congress.gov/bill/119th-congress/house-bill/9839,"Sponsor: Rep. Carey, Mike [R-OH-15]"
CONGRESS,CONGRESS-HR9851,Protecting Access to Spiritual Treatment and Organized Religion Act of 2026,Energy and Commerce,2026-07-22,HR,https://www.congress.gov/bill/119th-congress/house-bill/9851,"Sponsor: Rep. Flood, Mike [R-NE-1]"
CONGRESS,CONGRESS-HR9833,Ensuring Kids Have Access to Medically Necessary Dental Care Act,Energy and Commerce,2026-07-22,HR,https://www.congress.gov/bill/119th-congress/house-bill/9833,"Sponsor: Rep. Barragán, Nanette Diaz [D-CA-44]"
CONGRESS,CONGRESS-HR9940,Disability Community Act of 2026,Energy and Commerce,2026-07-23,HR,https://www.congress.gov/bill/119th-congress/house-bill/9940,"Sponsor: Rep. Tonko, Paul [D-NY-20]"
CONGRESS,CONGRESS-HR9913,Safe Sips Act of 2026,Energy and Commerce,2026-07-23,HR,https://www.congress.gov/bill/119th-congress/house-bill/9913,"Sponsor: Rep. LaLota, Nick [R-NY-1]"
CONGRESS,CONGRESS-HR9894,Investing in State Energy Act of 2026,Energy and Commerce,2026-07-23,HR,https://www.congress.gov/bill/119th-congress/house-bill/9894,"Sponsor: Rep. Pappas, Chris [D-NH-1]"
CONGRESS,CONGRESS-HR9925,FRONTIER Act,Energy and Commerce,2026-07-23,HR,https://www.congress.gov/bill/119th-congress/house-bill/9925,"Sponsor: Rep. Obernolte, Jay [R-CA-23]"
CONGRESS,CONGRESS-HRES1452,Recognizing the importance of independent living and economic self-sufficiency for individuals with disabilities made possible by the Americans with Disabilities Act of 1990 and calling for further action to strengthen and expand opportunities for individuals with disabilities to participate in work and community life.,Energy and Commerce,2026-07-23,HRES,https://www.congress.gov/bill/119th-congress/house-resolution/1452,"Sponsor: Rep. Fitzpatrick, Brian K. [R-PA-1]"
CONGRESS,CONGRESS-HRES1458,"Recognizing July 28, 2026, as ""World Hepatitis Day"".",Energy and Commerce,2026-07-23,HRES,https://www.congress.gov/bill/119th-congress/house-resolution/1458,"Sponsor: Rep. Velázquez, Nydia M. [D-NY-7]"
CONGRESS,CONGRESS-HR9941,Right to IVF Act of 2026,Energy and Commerce,2026-07-23,HR,https://www.congress.gov/bill/119th-congress/house-bill/9941,"Sponsor: Rep. Trahan, Lori [D-MA-3]"
CONGRESS,CONGRESS-HR9946,"To require the coverage of testing for certain sexually transmitted infections without the imposition of cost sharing, and for other purposes.",Energy and Commerce,2026-07-23,HR,https://www.congress.gov/bill/119th-congress/house-bill/9946,"Sponsor: Rep. Williams, Nikema [D-GA-5]"
CONGRESS,CONGRESS-HR9915,Stealth Bot Prohibition Act,Energy and Commerce,2026-07-23,HR,https://www.congress.gov/bill/119th-congress/house-bill/9915,"Sponsor: Rep. Lee, Laurel M. [R-FL-15]"
CONGRESS,CONGRESS-HR9908,Rural Hospital Cybersecurity Enhancement Act,Energy and Commerce,2026-07-23,HR,https://www.congress.gov/bill/119th-congress/house-bill/9908,"Sponsor: Rep. Houchin, Erin [R-IN-9]"
CONGRESS,CONGRESS-HR9934,"To increase the housing supply in the United States, and for other purposes.",Energy and Commerce,2026-07-23,HR,https://www.congress.gov/bill/119th-congress/house-bill/9934,"Sponsor: Rep. Simon, Lateefah [D-CA-12]"
CONGRESS,CONGRESS-HR9910,Health Over Wealth Act,Energy and Commerce,2026-07-23,HR,https://www.congress.gov/bill/119th-congress/house-bill/9910,"Sponsor: Rep. Jayapal, Pramila [D-WA-7]"
CONGRESS,CONGRESS-HR9945,Lowering Energy Costs through Grid Modernization Act,Energy and Commerce,2026-07-23,HR,https://www.congress.gov/bill/119th-congress/house-bill/9945,"Sponsor: Rep. Whitesides, George [D-CA-27]"
CONGRESS,CONGRESS-HR9937,No Leniency for Fentanyl Dealers Act,Energy and Commerce,2026-07-23,HR,https://www.congress.gov/bill/119th-congress/house-bill/9937,"Sponsor: Rep. Stutzman, Marlin A. [R-IN-3]"
CONGRESS,CONGRESS-HR9931,"To spark a renaissance in American manufacturing through the establishment of a American Manufacturing Renaissance Act to develop and monitor a national manufacturing strategy, to identify and address supply chain weaknesses as well as identify and address obstacles to inclusion and align manufacturing with strategic opportunities and imperatives through local multi-stakeholder Manufacturing Renaissance Councils, which are analogous to the technology hubs established in the Chips and Science Act, and for other purposes.",Energy and Commerce,2026-07-23,HR,https://www.congress.gov/bill/119th-congress/house-bill/9931,"Sponsor: Rep. Schakowsky, Janice D. [D-IL-9]"
CONGRESS,CONGRESS-HJRES205,"Providing for congressional disapproval under chapter 8 of title 5, United States Code, of the rule submitted by the Environmental Protection Agency relating to ""California State Motor Vehicle Pollution Control Standards; Notice of Decision Granting a Waiver of Clean Air Act Preemption for California's Advanced Clean Car Program and a Within the Scope Confirmation for California's Zero Emission Vehicle Amendments for 2017 and Earlier Model Years"".",Energy and Commerce,2026-07-23,HJRES,https://www.congress.gov/bill/119th-congress/house-joint-resolution/205,"Sponsor: Rep. Joyce, John [R-PA-13]"
CONGRESS,CONGRESS-HR9970,RESCUE Act of 2026,Energy and Commerce,2026-07-27,HR,https://www.congress.gov/bill/119th-congress/house-bill/9970,"Sponsor: Rep. Pfluger, August [R-TX-11]"
CONGRESS,CONGRESS-HR9972,American Patients First Act of 2026,Energy and Commerce,2026-07-27,HR,https://www.congress.gov/bill/119th-congress/house-bill/9972,"Sponsor: Rep. Sessions, Pete [R-TX-17]"
CONGRESS,CONGRESS-HR9969,Baby Brent’s Bill,Energy and Commerce,2026-07-27,HR,https://www.congress.gov/bill/119th-congress/house-bill/9969,"Sponsor: Rep. Pappas, Chris [D-NH-1]"
CONGRESS,CONGRESS-HR9962,Green New Deal for Health Act,Energy and Commerce,2026-07-27,HR,https://www.congress.gov/bill/119th-congress/house-bill/9962,"Sponsor: Rep. Khanna, Ro [D-CA-17]"
CONGRESS,CONGRESS-HR9975,Carbon Dioxide Removal Leadership Act of 2026,Energy and Commerce,2026-07-27,HR,https://www.congress.gov/bill/119th-congress/house-bill/9975,"Sponsor: Rep. Tonko, Paul [D-NY-20]"
CONGRESS,CONGRESS-HR9949,Safe Baby Formula Act of 2026,Energy and Commerce,2026-07-27,HR,https://www.congress.gov/bill/119th-congress/house-bill/9949,"Sponsor: Rep. Barrett, Tom [R-MI-7]"
CONGRESS,CONGRESS-HRES1462,Recognizing the historic significance of Medicare on the 61st anniversary of its enactment.,Energy and Commerce,2026-07-27,HRES,https://www.congress.gov/bill/119th-congress/house-resolution/1462,"Sponsor: Rep. Mackenzie, Ryan [R-PA-7]"
CONGRESS,CONGRESS-HR9959,To establish a Green New Deal for public schools.,Energy and Commerce,2026-07-27,HR,https://www.congress.gov/bill/119th-congress/house-bill/9959,"Sponsor: Rep. Jayapal, Pramila [D-WA-7]"
CONGRESS,CONGRESS-HR9948,Addictive Design Act of 2026,Energy and Commerce,2026-07-27,HR,https://www.congress.gov/bill/119th-congress/house-bill/9948,"Sponsor: Rep. Balint, Becca [D-VT-At Large]"
CONGRESS,CONGRESS-HR9984,Medicare Access to Radiology Care Act of 2026,Energy and Commerce,2026-07-30,HR,https://www.congress.gov/bill/119th-congress/house-bill/9984,"Sponsor: Rep. Joyce, John [R-PA-13]"
CONGRESS,CONGRESS-HR10005,Data Center Resource Disclosure Act,Energy and Commerce,2026-07-30,HR,https://www.congress.gov/bill/119th-congress/house-bill/10005,"Sponsor: Rep. Scholten, Hillary J. [D-MI-3]"
CONGRESS,CONGRESS-HR9996,No Surprise Bills for New Moms Act,Energy and Commerce,2026-07-30,HR,https://www.congress.gov/bill/119th-congress/house-bill/9996,"Sponsor: Rep. Nadler, Jerrold [D-NY-12]"
CONGRESS,CONGRESS-HR9981,Foodborne Illness Rapid Response Act,Energy and Commerce,2026-07-30,HR,https://www.congress.gov/bill/119th-congress/house-bill/9981,"Sponsor: Rep. Gottheimer, Josh [D-NJ-5]"
CONGRESS,CONGRESS-HR9990,Increasing Mental Health Options Act of 2026,Energy and Commerce,2026-07-30,HR,https://www.congress.gov/bill/119th-congress/house-bill/9990,"Sponsor: Rep. Malliotakis, Nicole [R-NY-11]"
CONGRESS,CONGRESS-HR10007,Environmental Health Workforce Act of 2026,Energy and Commerce,2026-07-30,HR,https://www.congress.gov/bill/119th-congress/house-bill/10007,"Sponsor: Rep. Thanedar, Shri [D-MI-13]"
CONGRESS,CONGRESS-HR9987,Recycling Infrastructure and Data Accountability Act,Energy and Commerce,2026-07-30,HR,https://www.congress.gov/bill/119th-congress/house-bill/9987,"Sponsor: Rep. Lawler, Michael [R-NY-17]"
CONGRESS,CONGRESS-HR10003,Consumer Protection and Recovery Act,Energy and Commerce,2026-07-30,HR,https://www.congress.gov/bill/119th-congress/house-bill/10003,"Sponsor: Rep. Schakowsky, Janice D. [D-IL-9]"
CONGRESS,CONGRESS-HR9988,FASTER Act of 2026,Energy and Commerce,2026-07-30,HR,https://www.congress.gov/bill/119th-congress/house-bill/9988,"Sponsor: Rep. Luna, Anna Paulina [R-FL-13]"
CONGRESS,CONGRESS-HR10012,Veterans Medicare Premium Transparency Act,Energy and Commerce,2026-07-30,HR,https://www.congress.gov/bill/119th-congress/house-bill/10012,"Sponsor: Rep. Williams, Roger [R-TX-25]"
CONGRESS,CONGRESS-HR10015,Great American Healthcare Act,Energy and Commerce,2026-08-03,HR,https://www.congress.gov/bill/119th-congress/house-bill/10015,"Sponsor: Rep. Burlison, Eric [R-MO-7]"
CONGRESS,CONGRESS-HRES1469,"Condemning a legal opinion issued by the U.S. Department of Justice on June 18, 2026, regarding the Olmstead v. L.C., the 1999 Supreme Court decision that recognized institutional isolation of people with disabilities as discrimination under the Americans with Disabilities Act.",Energy and Commerce,2026-08-03,HRES,https://www.congress.gov/bill/119th-congress/house-resolution/1469,"Sponsor: Rep. Dingell, Debbie [D-MI-6]"
CONGRESS,CONGRESS-HRES1475,"Expressing support for the designation of the first week of August as ""National Community Health Center Week"", and encouraging all Americans to participate by visiting their local community health center and celebrating the important partnership between health centers and the communities they serve.",Energy and Commerce,2026-08-03,HRES,https://www.congress.gov/bill/119th-congress/house-resolution/1475,"Sponsor: Rep. Valadao, David G. [R-CA-22]"
CONGRESS,CONGRESS-HR10041,Smart Data Center Policy Act,Energy and Commerce,2026-08-03,HR,https://www.congress.gov/bill/119th-congress/house-bill/10041,"Sponsor: Rep. Vindman, Eugene Simon [D-VA-7]"
CONGRESS,CONGRESS-HRES1470,"Expressing support for the designation of July 2026 as ""Plastic Pollution Action Month"".",Energy and Commerce,2026-08-03,HRES,https://www.congress.gov/bill/119th-congress/house-resolution/1470,"Sponsor: Rep. Doggett, Lloyd [D-TX-37]"
CONGRESS,CONGRESS-HR10013,Compassionate Care Act,Energy and Commerce,2026-08-03,HR,https://www.congress.gov/bill/119th-congress/house-bill/10013,"Sponsor: Rep. Barragán, Nanette Diaz [D-CA-44]"
CONGRESS,CONGRESS-HR10033,AV Emergency Response Coordination Act,Energy and Commerce,2026-08-03,HR,https://www.congress.gov/bill/119th-congress/house-bill/10033,"Sponsor: Rep. Mullin, Kevin [D-CA-15]"
CONGRESS,CONGRESS-HR10020,Medicare at Home Act,Energy and Commerce,2026-08-03,HR,https://www.congress.gov/bill/119th-congress/house-bill/10020,"Sponsor: Rep. Dingell, Debbie [D-MI-6]"
CONGRESS,CONGRESS-HR10023,"To eliminate asset limits employed by certain federally funded means-tested public assistance programs, and for other purposes.",Energy and Commerce,2026-08-03,HR,https://www.congress.gov/bill/119th-congress/house-bill/10023,"Sponsor: Rep. Gomez, Jimmy [D-CA-34]"
CONGRESS,CONGRESS-HRES1471,Expressing the sense of the House of Representatives that every American and community impacted by the construction or operation of an artificial intelligence data center should have the right to transparency and local autonomy.,Energy and Commerce,2026-08-03,HRES,https://www.congress.gov/bill/119th-congress/house-resolution/1471,"Sponsor: Rep. Khanna, Ro [D-CA-17]"
CONGRESS,CONGRESS-HR10024,Health Insurance Transparency for Patients Act,Energy and Commerce,2026-08-03,HR,https://www.congress.gov/bill/119th-congress/house-bill/10024,"Sponsor: Rep. Hinson, Ashley [R-IA-2]"
CONGRESS,CONGRESS-HJRES211,"Providing congressional disapproval under chapter 8 of title 5, United States Code, of the rule submitted by the Environmental Protection Agency relating to ""California State Motor Vehicle Pollution Control Standards; Notice of Decision Granting a Waiver of Clean Air Act Preemption for California's 2009 and Subsequent Model Year Greenhouse Gas Emission Standards for New Motor Vehicles"".",Energy and Commerce,2026-08-06,HJRES,https://www.congress.gov/bill/119th-congress/house-joint-resolution/211,"Sponsor: Rep. Palmer, Gary J. [R-AL-6]"
CONGRESS,CONGRESS-HR10068,To amend the Public Health Service Act to provide for a Reducing Youth Use of E-Cigarettes Initiative.,Energy and Commerce,2026-08-06,HR,https://www.congress.gov/bill/119th-congress/house-bill/10068,"Sponsor: Rep. Wasserman Schultz, Debbie [D-FL-25]"
CONGRESS,CONGRESS-HR10061,"To address wildfire readiness and recovery, safe communities, and wildland firefighter safety.",Energy and Commerce,2026-08-06,HR,https://www.congress.gov/bill/119th-congress/house-bill/10061,"Sponsor: Rep. Neguse, Joe [D-CO-2]"
CONGRESS,CONGRESS-HJRES212,"Providing congressional disapproval under chapter 8 of title 5, United States Code, of the rule submitted by the Environmental Protection Agency relating to ""California State Motor Vehicle Pollution Control Standards; Advanced Clean Car Program; Reconsideration of a Previous Withdrawal of a Waiver of Preemption; Notice of Decision"".",Energy and Commerce,2026-08-06,HJRES,https://www.congress.gov/bill/119th-congress/house-joint-resolution/212,"Sponsor: Rep. Pfluger, August [R-TX-11]"
CONGRESS,CONGRESS-HR10056,To amend title XVIII of the Social Security Act to provide for patient protection by limiting the number of mandatory overtime hours a nurse may be required to work in certain providers of services to which payments are made under the Medicare Program.,Energy and Commerce,2026-08-06,HR,https://www.congress.gov/bill/119th-congress/house-bill/10056,"Sponsor: Rep. Matsui, Doris O. [D-CA-7]"
CONGRESS,CONGRESS-HJRES210,"Providing for congressional disapproval under chapter 8 of title 5, United States Code, of the rule submitted by the Environmental Protection Agency relating to ""California State Nonroad Engine Pollution Control Standards; Ocean-Going Vessels At-Berth; Notice of Decision"".",Energy and Commerce,2026-08-06,HJRES,https://www.congress.gov/bill/119th-congress/house-joint-resolution/210,"Sponsor: Rep. Fong, Vince [R-CA-20]"
CONGRESS,CONGRESS-HR10050,Uniform Vehicle Safety Standards Act of 2026,Energy and Commerce,2026-08-06,HR,https://www.congress.gov/bill/119th-congress/house-bill/10050,"Sponsor: Rep. Flood, Mike [R-NE-1]"
CONGRESS,CONGRESS-HR10048,"To create national standards for labeling of covered materials as recyclable, compostable, reusable, and refillable, and for other purposes.",Energy and Commerce,2026-08-06,HR,https://www.congress.gov/bill/119th-congress/house-bill/10048,"Sponsor: Rep. Correa, J. Luis [D-CA-46]"
